Padre	Madre	Hijos	Orden de Nacimiento	Género Hijos	Lugar de nacimiento	Significado del Nombre (Padre)	Referencia	Información Adicional	Notas
Adam		Set		M	Fuera del Edén	Hombre, hecho de tierra roja	1 Crónicas 1 [Cruces: Adam: Génesis 1:26-27, 2:7, 5:1-5; Lucas 3:38; Romanos 5:12-21; Set: Génesis 4:25-26, 5:3-8; Lucas 3:38]	Sobre el padre (Adam): Primer ser humano creado por Dios en el relato del Génesis. Representa el inicio de la humanidad. | Sobre el hijo (Set): Hijo de Adam y Eva, nacido después del asesinato de Abel por Caín. Heredero de la línea mesiánica.	Sentencia 1: Linaje de Adam
Set		Enós		M	Tierra de Nod / Canaán	Sustituto, designado	1 Crónicas 1 [Cruces: Set: Génesis 4:25-26, 5:3-8; Lucas 3:38; Enós: Génesis 4:26, 5:6-11; Lucas 3:38]	Sobre el padre (Set): Hijo de Adam y Eva, nacido después del asesinato de Abel por Caín. Heredero de la línea mesiánica. | Sobre el hijo (Enós): Hijo de Set; durante sus días se comenzó a invocar públicamente el nombre de YAHVÉ.	Sentencia 1: Linaje de Set
Enós		Cainán		M	Canaán	Mortal, débil, hombre	1 Crónicas 1 [Cruces: Enós: Génesis 4:26, 5:6-11; Lucas 3:38; Cainán: Génesis 5:9-14; Lucas 3:37]	Sobre el padre (Enós): Hijo de Set; durante sus días se comenzó a invocar públicamente el nombre de YAHVÉ. | Sobre el hijo (Cainán): Patriarca antediluviano, hijo de Enós y padre de Mahalaleel.	Sentencia 1: Linaje de Enós
Cainán		Mahalaleel		M	Canaán	Adquisición, posesión o nido	1 Crónicas 1 [Cruces: Cainán: Génesis 5:9-14; Lucas 3:37; Mahalaleel: Génesis 5:12-17; Lucas 3:37]	Sobre el padre (Cainán): Patriarca antediluviano, hijo de Enós y padre de Mahalaleel. | Sobre el hijo (Mahalaleel): Hijo de Cainán, ancestro antediluviano en la genealogía que conduce a Noé.	Sentencia 1: Linaje de Cainán
Mahalaleel		Jared		M	Canaán	Alabanza de Dios / Resplandor de Dios	1 Crónicas 1 [Cruces: Mahalaleel: Génesis 5:12-17; Lucas 3:37; Jared: Génesis 5:15-20; Lucas 3:37]	Sobre el padre (Mahalaleel): Hijo de Cainán, ancestro antediluviano en la genealogía que conduce a Noé. | Sobre el hijo (Jared): Hijo de Mahalaleel y padre de Enoc. Vivió 962 años.	Sentencia 1: Linaje de Mahalaleel
Jared		Enoc		M	Canaán	Descenso o el que desciende	1 Crónicas 1 [Cruces: Jared: Génesis 5:15-20; Lucas 3:37; Enoc: Génesis 5:18-24; Hebreos 11:5; Judas 1:14-15; Lucas 3:37]	Sobre el padre (Jared): Hijo de Mahalaleel y padre de Enoc. Vivió 962 años. | Sobre el hijo (Enoc): Caminó con Dios íntimamente y no vio muerte, pues Dios se lo llevó al cielo directamente.	Sentencia 1: Linaje de Jared
Enoc		Matusalén		M	Canaán	Consagrado, dedicado o iniciado	1 Crónicas 1 [Cruces: Enoc: Génesis 5:18-24; Hebreos 11:5; Judas 1:14-15; Lucas 3:37; Matusalén: Génesis 5:21-27; Lucas 3:37]	Sobre el padre (Enoc): Caminó con Dios íntimamente y no vio muerte, pues Dios se lo llevó al cielo directamente. | Sobre el hijo (Matusalén): Hijo de Enoc y abuelo de Noé; es el ser humano más longevo registrado en la Biblia (969 años).	Sentencia 1: Linaje de Enoc
Matusalén		Lamec		M	Canaán	Hombre de la jabalina / Cuando él muera se enviará	1 Crónicas 1 [Cruces: Matusalén: Génesis 5:21-27; Lucas 3:37; Lamec: Génesis 5:25-31; Lucas 3:36]	Sobre el padre (Matusalén): Hijo de Enoc y abuelo de Noé; es el ser humano más longevo registrado en la Biblia (969 años). | Sobre el hijo (Lamec): Hijo de Matusalén y padre de Noé. Profetizó sobre el descanso que traería su hijo.	Sentencia 1: Linaje de Matusalén
Lamec		Noé		M	Mesopotamia	Poderoso, fuerte o el que rebaja	1 Crónicas 1 [Cruces: Lamec: Génesis 5:25-31; Lucas 3:36; Noé: Génesis 5:28-32, Caps 6-9; Mateo 24:37-39; Hebreos 11:7; 1 Pedro 3:20; 2 Pedro 2:5; Lucas 3:36]	Sobre el padre (Lamec): Hijo de Matusalén y padre de Noé. Profetizó sobre el descanso que traería su hijo. | Sobre el hijo (Noé): Construyó el Arca para salvar a su familia y a la creación terrestre del Diluvio universal.	Sentencia 1: Linaje de Lamec
Noé		Sem	1	M	Mesopotamia	Descanso, alivio o consuelo	1 Crónicas 1 [Cruces: Noé: Génesis 5:28-32, Caps 6-9; Mateo 24:37-39; Hebreos 11:7; 1 Pedro 3:20; 2 Pedro 2:5; Lucas 3:36; Sem: Génesis 5:32, 9:26-27, 10:21-31, 11:10-11; Lucas 3:36]	Sobre el padre (Noé): Construyó el Arca para salvar a su familia y a la creación terrestre del Diluvio universal. | Sobre el hijo (Sem): Hijo de Noé; de su linaje provienen los pueblos semitas y la línea de la promesa.	Sentencia 1: Hijo de Noé
Noé		Cam	2	M	Mesopotamia	Descanso, alivio o consuelo	1 Crónicas 1 [Cruces: Noé: Génesis 5:28-32, Caps 6-9; Mateo 24:37-39; Hebreos 11:7; 1 Pedro 3:20; 2 Pedro 2:5; Lucas 3:36; Cam: Génesis 5:32, 9:22-25, 10:6-20]	Sobre el padre (Noé): Construyó el Arca para salvar a su familia y a la creación terrestre del Diluvio universal. | Sobre el hijo (Cam): Hijo de Noé; padre de Cus, Mizraim, Fut y Canaán, ancestro de pueblos africanos y cananeos.	Sentencia 1: Hijo de Noé
Noé		Jafet	3	M	Mesopotamia	Descanso, alivio o consuelo	1 Crónicas 1 [Cruces: Noé: Génesis 5:28-32, Caps 6-9; Mateo 24:37-39; Hebreos 11:7; 1 Pedro 3:20; 2 Pedro 2:5; Lucas 3:36; Jafet: Génesis 5:32, 9:27, 10:2-5]	Sobre el padre (Noé): Construyó el Arca para salvar a su familia y a la creación terrestre del Diluvio universal. | Sobre el hijo (Jafet): Hijo de Noé; ancestro de los pueblos europeos y de Asia Menor (indoeuropeos).	Sentencia 1: Hijo de Noé
Jafet		Gomer	1	M	Mesopotamia (padre)	Que él ensanche o bello	1 Crónicas 1 [Cruces: Jafet: Génesis 5:32, 9:27, 10:2-5]	Sobre el padre (Jafet): Hijo de Noé; ancestro de los pueblos europeos y de Asia Menor (indoeuropeos).	Sentencia 2: Hijos de Jafet: Gomer, Magog, Madai, Javán, Tubal, Mesec y Tiras
Jafet		Magog	2	M	Mesopotamia (padre)	Que él ensanche o bello	1 Crónicas 1 [Cruces: Jafet: Génesis 5:32, 9:27, 10:2-5]	Sobre el padre (Jafet): Hijo de Noé; ancestro de los pueblos europeos y de Asia Menor (indoeuropeos).	Sentencia 2: Hijos de Jafet: Gomer, Magog, Madai, Javán, Tubal, Mesec y Tiras
Jafet		Madai	3	M	Mesopotamia (padre)	Que él ensanche o bello	1 Crónicas 1 [Cruces: Jafet: Génesis 5:32, 9:27, 10:2-5]	Sobre el padre (Jafet): Hijo de Noé; ancestro de los pueblos europeos y de Asia Menor (indoeuropeos).	Sentencia 2: Hijos de Jafet: Gomer, Magog, Madai, Javán, Tubal, Mesec y Tiras
Jafet		Javán	4	M	Mesopotamia (padre)	Que él ensanche o bello	1 Crónicas 1 [Cruces: Jafet: Génesis 5:32, 9:27, 10:2-5]	Sobre el padre (Jafet): Hijo de Noé; ancestro de los pueblos europeos y de Asia Menor (indoeuropeos).	Sentencia 2: Hijos de Jafet: Gomer, Magog, Madai, Javán, Tubal, Mesec y Tiras
Jafet		Tubal	5	M	Mesopotamia (padre)	Que él ensanche o bello	1 Crónicas 1 [Cruces: Jafet: Génesis 5:32, 9:27, 10:2-5]	Sobre el padre (Jafet): Hijo de Noé; ancestro de los pueblos europeos y de Asia Menor (indoeuropeos).	Sentencia 2: Hijos de Jafet: Gomer, Magog, Madai, Javán, Tubal, Mesec y Tiras
Jafet		Mesec	6	M	Mesopotamia (padre)	Que él ensanche o bello	1 Crónicas 1 [Cruces: Jafet: Génesis 5:32, 9:27, 10:2-5]	Sobre el padre (Jafet): Hijo de Noé; ancestro de los pueblos europeos y de Asia Menor (indoeuropeos).	Sentencia 2: Hijos de Jafet: Gomer, Magog, Madai, Javán, Tubal, Mesec y Tiras
Jafet		Tiras	7	M	Mesopotamia (padre)	Que él ensanche o bello	1 Crónicas 1 [Cruces: Jafet: Génesis 5:32, 9:27, 10:2-5]	Sobre el padre (Jafet): Hijo de Noé; ancestro de los pueblos europeos y de Asia Menor (indoeuropeos).	Sentencia 2: Hijos de Jafet: Gomer, Magog, Madai, Javán, Tubal, Mesec y Tiras
Gomer		Askenaz	1	M			1 Crónicas 1		Sentencia 3: Hijos de Gomer: Askenaz, Rifat y Togarma
Gomer		Rifat	2	M			1 Crónicas 1		Sentencia 3: Hijos de Gomer: Askenaz, Rifat y Togarma
Gomer		Togarma	3	M			1 Crónicas 1		Sentencia 3: Hijos de Gomer: Askenaz, Rifat y Togarma
Javán		Elisa	1	M			1 Crónicas 1		Sentencia 4: Hijos de Javán: Elisa, Tarsis, Quitim y Dodanim
Javán		Tarsis	2	M			1 Crónicas 1		Sentencia 4: Hijos de Javán: Elisa, Tarsis, Quitim y Dodanim
Javán		Quitim	3	M			1 Crónicas 1		Sentencia 4: Hijos de Javán: Elisa, Tarsis, Quitim y Dodanim
Javán		Dodanim	4	M			1 Crónicas 1		Sentencia 4: Hijos de Javán: Elisa, Tarsis, Quitim y Dodanim
Cam		Cus	1	M	Mesopotamia (padre)	Caliente, cálido o quemado	1 Crónicas 1 [Cruces: Cam: Génesis 5:32, 9:22-25, 10:6-20]	Sobre el padre (Cam): Hijo de Noé; padre de Cus, Mizraim, Fut y Canaán, ancestro de pueblos africanos y cananeos.	Sentencia 5: Hijos de Cam: Cus, Mizraim, Fut y Canaán
Cam		Mizraim	2	M	Mesopotamia (padre)	Caliente, cálido o quemado	1 Crónicas 1 [Cruces: Cam: Génesis 5:32, 9:22-25, 10:6-20]	Sobre el padre (Cam): Hijo de Noé; padre de Cus, Mizraim, Fut y Canaán, ancestro de pueblos africanos y cananeos.	Sentencia 5: Hijos de Cam: Cus, Mizraim, Fut y Canaán
Cam		Fut	3	M	Mesopotamia (padre)	Caliente, cálido o quemado	1 Crónicas 1 [Cruces: Cam: Génesis 5:32, 9:22-25, 10:6-20]	Sobre el padre (Cam): Hijo de Noé; padre de Cus, Mizraim, Fut y Canaán, ancestro de pueblos africanos y cananeos.	Sentencia 5: Hijos de Cam: Cus, Mizraim, Fut y Canaán
Cam		Canaán	4	M	Mesopotamia (padre)	Caliente, cálido o quemado	1 Crónicas 1 [Cruces: Cam: Génesis 5:32, 9:22-25, 10:6-20]	Sobre el padre (Cam): Hijo de Noé; padre de Cus, Mizraim, Fut y Canaán, ancestro de pueblos africanos y cananeos.	Sentencia 5: Hijos de Cam: Cus, Mizraim, Fut y Canaán
Cus		Seba	1	M			1 Crónicas 1		Sentencia 6: Hijos de Cus: Seba, Havila, Sabta, Raama y Sabteca
Cus		Havila	2	M			1 Crónicas 1		Sentencia 6: Hijos de Cus: Seba, Havila, Sabta, Raama y Sabteca
Cus		Sabta	3	M			1 Crónicas 1		Sentencia 6: Hijos de Cus: Seba, Havila, Sabta, Raama y Sabteca
Cus		Raama	4	M			1 Crónicas 1		Sentencia 6: Hijos de Cus: Seba, Havila, Sabta, Raama y Sabteca
Cus		Sabteca	5	M			1 Crónicas 1		Sentencia 6: Hijos de Cus: Seba, Havila, Sabta, Raama y Sabteca
Raama		Seba	1	M			1 Crónicas 1		Sentencia 7: Hijos de Raama: Seba y Dedán
Raama		Dedán	2	M			1 Crónicas 1		Sentencia 7: Hijos de Raama: Seba y Dedán
Cus		Nimrod		M			1 Crónicas 1		Sentencia 8: Cus engendró a Nimrod, quien llegó a ser el primer prepotente  en la tierra
Sem		Elam	1	M	Mesopotamia (padre)	Nombre, renombre o fama	1 Crónicas 1 [Cruces: Sem: Génesis 5:32, 9:26-27, 10:21-31, 11:10-11; Lucas 3:36]	Sobre el padre (Sem): Hijo de Noé; de su linaje provienen los pueblos semitas y la línea de la promesa.	Sentencia 9: Los hijos de Sem: Elam, Asur, Arfaxad
Sem		Asur	2	M	Mesopotamia (padre)	Nombre, renombre o fama	1 Crónicas 1 [Cruces: Sem: Génesis 5:32, 9:26-27, 10:21-31, 11:10-11; Lucas 3:36]	Sobre el padre (Sem): Hijo de Noé; de su linaje provienen los pueblos semitas y la línea de la promesa.	Sentencia 9: Los hijos de Sem: Elam, Asur, Arfaxad
Sem		Arfaxad	3	M	Mesopotamia	Nombre, renombre o fama	1 Crónicas 1 [Cruces: Sem: Génesis 5:32, 9:26-27, 10:21-31, 11:10-11; Lucas 3:36; Arfaxad: Génesis 11:10-13, 10:22; Lucas 3:36]	Sobre el padre (Sem): Hijo de Noé; de su linaje provienen los pueblos semitas y la línea de la promesa. | Sobre el hijo (Arfaxad): Hijo de Sem, nacido dos años después del Diluvio.	Sentencia 9: Los hijos de Sem: Elam, Asur, Arfaxad
Arfaxad		Cainán (hijo de Arfaxad)		M	Canaán	Fortaleza o sanador	1 Crónicas 1 [Cruces: Arfaxad: Génesis 11:10-13, 10:22; Lucas 3:36; Cainán: Génesis 5:9-14; Lucas 3:37]	Sobre el padre (Arfaxad): Hijo de Sem, nacido dos años después del Diluvio. | Sobre el hijo (Cainán): Patriarca antediluviano, hijo de Enós y padre de Mahalaleel.	[Distinción: Cainán post-diluviano, hijo de Arfaxad — Lucas 3:36] Sentencia 10: Arfaxad engendró a Cainán, Cainán engendró a Sala, y Sala engendró a Heber
Cainán (hijo de Arfaxad)		Sala		M	Mesopotamia	Adquisición, posesión o nido	1 Crónicas 1 [Cruces: Cainán: Génesis 5:9-14; Lucas 3:37; Sala: Génesis 11:12-15, 10:24; Lucas 3:35]	Sobre el padre (Cainán): Patriarca antediluviano, hijo de Enós y padre de Mahalaleel. | Sobre el hijo (Sala): Hijo de Arfaxad y padre de Heber.	Sentencia 10: Arfaxad engendró a Cainán, Cainán engendró a Sala, y Sala engendró a Heber
Sala		Heber		M	Mesopotamia	Brote, retoño o enviado	1 Crónicas 1 [Cruces: Sala: Génesis 11:12-15, 10:24; Lucas 3:35; Heber: Génesis 11:14-17, 10:24-25; Lucas 3:35]	Sobre el padre (Sala): Hijo de Arfaxad y padre de Heber. | Sobre el hijo (Heber): Ancestro epónimo de los hebreos, hijo de Sala.	Sentencia 10: Arfaxad engendró a Cainán, Cainán engendró a Sala, y Sala engendró a Heber
Heber		Peleg		M	Mesopotamia	El que cruza / Del otro lado	1 Crónicas 1 [Cruces: Heber: Génesis 11:14-17, 10:24-25; Lucas 3:35; Peleg: Génesis 11:16-19, 10:25; Lucas 3:35]	Sobre el padre (Heber): Ancestro epónimo de los hebreos, hijo de Sala. | Sobre el hijo (Peleg): Hijo de Heber; llamado así porque en sus días la población de la tierra fue dividida (Torre de Babel).	Sentencia 11: Heber es padre de Peleg
Peleg		Reu		M	Mesopotamia	División o canal	1 Crónicas 1 [Cruces: Peleg: Génesis 11:16-19, 10:25; Lucas 3:35; Reu: Génesis 11:18-21; Lucas 3:35]	Sobre el padre (Peleg): Hijo de Heber; llamado así porque en sus días la población de la tierra fue dividida (Torre de Babel). | Sobre el hijo (Reu): Hijo de Peleg y antepasado directo de Abraham.	Sentencia 11: Peleg es padre de Reu
Reu		Serug		M	Mesopotamia	Amigo, compañero o pastor	1 Crónicas 1 [Cruces: Reu: Génesis 11:18-21; Lucas 3:35; Serug: Génesis 11:20-23; Lucas 3:35]	Sobre el padre (Reu): Hijo de Peleg y antepasado directo de Abraham. | Sobre el hijo (Serug): Hijo de Reu y bisabuelo de Abraham.	Sentencia 11: Reu es padre de Serug
Serug		Nacor		M	Ur de los Caldeos	Rama, brote o entrelazado	1 Crónicas 1 [Cruces: Serug: Génesis 11:20-23; Lucas 3:35; Nacor: Génesis 11:22-25; Lucas 3:34]	Sobre el padre (Serug): Hijo de Reu y bisabuelo de Abraham. | Sobre el hijo (Nacor): Hijo de Serug y abuelo del patriarca Abraham.	Sentencia 11: Serug es padre de Nacor
Nacor		Taré		M	Ur de los Caldeos	Resoplador, jadeante	1 Crónicas 1 [Cruces: Nacor: Génesis 11:22-25; Lucas 3:34; Taré: Génesis 11:24-32; Josué 24:2; Lucas 3:34]	Sobre el padre (Nacor): Hijo de Serug y abuelo del patriarca Abraham. | Sobre el hijo (Taré): Padre de Abraham, Nacor y Harán; salió de Ur con su familia rumbo a Canaán, muriendo en Harán.	Sentencia 11: Nacor es padre de Taré
Taré		Abraham		M	Ur de los Caldeos	Retraso o cabra montés	1 Crónicas 1 [Cruces: Taré: Génesis 11:24-32; Josué 24:2; Lucas 3:34; Abraham: Génesis 11:26 a 25:10; Romanos 4; Gálatas 3; Lucas 3:34; Mateo 1:1-2]	Sobre el padre (Taré): Padre de Abraham, Nacor y Harán; salió de Ur con su familia rumbo a Canaán, muriendo en Harán. | Sobre el hijo (Abraham): Padre de la fe y progenitor del pueblo de Israel y de los árabes; recibió la promesa divina del pacto.	Sentencia 11: Taré es padre de Abraham
Abraham		Isaac	1	M	Beerseba	Padre de una multitud	1 Crónicas 1 [Cruces: Abraham: Génesis 11:26 a 25:10; Romanos 4; Gálatas 3; Lucas 3:34; Mateo 1:1-2; Isaac: Génesis 21 a 35; Gálatas 4:21-31; Hebreos 11:20; Mateo 1:2]	Sobre el padre (Abraham): Padre de la fe y progenitor del pueblo de Israel y de los árabes; recibió la promesa divina del pacto. | Sobre el hijo (Isaac): Hijo de la promesa nacido de Abraham y Sara en su vejez extrema; padre de Jacob y Esaú.	Sentencia 12: Hijos de Abraham: Isaac e Ismael
Abraham		Ismael	2	M	Ur de los Caldeos (padre)	Padre de una multitud	1 Crónicas 1 [Cruces: Abraham: Génesis 11:26 a 25:10; Romanos 4; Gálatas 3; Lucas 3:34; Mateo 1:1-2]	Sobre el padre (Abraham): Padre de la fe y progenitor del pueblo de Israel y de los árabes; recibió la promesa divina del pacto.	Sentencia 12: Hijos de Abraham: Isaac e Ismael
Jocsán		Seba	1	M			1 Crónicas 1		Sentencia 15: Los hijos de Jocsán: Seba y Dedán
Jocsán		Dedán	2	M			1 Crónicas 1		Sentencia 15: Los hijos de Jocsán: Seba y Dedán
Madián		Efa	1	M			1 Crónicas 1		Sentencia 16: Hijos de Madián: Efa, Efer, Hanoc, Abida y Elda
Madián		Efer	2	M			1 Crónicas 1		Sentencia 16: Hijos de Madián: Efa, Efer, Hanoc, Abida y Elda
Madián		Hanoc	3	M			1 Crónicas 1		Sentencia 16: Hijos de Madián: Efa, Efer, Hanoc, Abida y Elda
Madián		Abida	4	M			1 Crónicas 1		Sentencia 16: Hijos de Madián: Efa, Efer, Hanoc, Abida y Elda
Madián		Elda	5	M			1 Crónicas 1		Sentencia 16: Hijos de Madián: Efa, Efer, Hanoc, Abida y Elda
Isaac		Esaú	1	M	Canaán	Él reirá / Risa	1 Crónicas 1 [Cruces: Isaac: Génesis 21 a 35; Gálatas 4:21-31; Hebreos 11:20; Mateo 1:2; Esaú: Génesis 25:21-34, Cap 27, Cap 36; Romanos 9:13; Hebreos 12:16-17]	Sobre el padre (Isaac): Hijo de la promesa nacido de Abraham y Sara en su vejez extrema; padre de Jacob y Esaú. | Sobre el hijo (Esaú): Hijo primogénito de Isaac y Rebeca; vendió su primogenitura por comida y fundó la nación de Edom.	Sentencia 19: Hijos de Isaac: Esaú e Israel
Isaac		Israel	2	M	Canaán	Él reirá / Risa	1 Crónicas 1 [Cruces: Isaac: Génesis 21 a 35; Gálatas 4:21-31; Hebreos 11:20; Mateo 1:2; Israel: Génesis 25:21 a 49:33; Oseas 12:3-4; Mateo 1:2]	Sobre el padre (Isaac): Hijo de la promesa nacido de Abraham y Sara en su vejez extrema; padre de Jacob y Esaú. | Sobre el hijo (Israel): Nombre dado a Jacob tras su lucha con el ángel en Peniel; sus doce hijos fundaron las 12 tribus.	Sentencia 19: Hijos de Isaac: Esaú e Israel
Esaú		Elifaz	1	M	Canaán (padre)	Velludo o hecho	1 Crónicas 1 [Cruces: Esaú: Génesis 25:21-34, Cap 27, Cap 36; Romanos 9:13; Hebreos 12:16-17]	Sobre el padre (Esaú): Hijo primogénito de Isaac y Rebeca; vendió su primogenitura por comida y fundó la nación de Edom.	Sentencia 20: Hijos de Esaú: Elifaz, Reuel, Jeús, Jaalam y Coré
Esaú		Reuel	2	M	Canaán (padre)	Velludo o hecho	1 Crónicas 1 [Cruces: Esaú: Génesis 25:21-34, Cap 27, Cap 36; Romanos 9:13; Hebreos 12:16-17]	Sobre el padre (Esaú): Hijo primogénito de Isaac y Rebeca; vendió su primogenitura por comida y fundó la nación de Edom.	Sentencia 20: Hijos de Esaú: Elifaz, Reuel, Jeús, Jaalam y Coré
Esaú		Jeús	3	M	Canaán (padre)	Velludo o hecho	1 Crónicas 1 [Cruces: Esaú: Génesis 25:21-34, Cap 27, Cap 36; Romanos 9:13; Hebreos 12:16-17]	Sobre el padre (Esaú): Hijo primogénito de Isaac y Rebeca; vendió su primogenitura por comida y fundó la nación de Edom.	Sentencia 20: Hijos de Esaú: Elifaz, Reuel, Jeús, Jaalam y Coré
Esaú		Jaalam	4	M	Canaán (padre)	Velludo o hecho	1 Crónicas 1 [Cruces: Esaú: Génesis 25:21-34, Cap 27, Cap 36; Romanos 9:13; Hebreos 12:16-17]	Sobre el padre (Esaú): Hijo primogénito de Isaac y Rebeca; vendió su primogenitura por comida y fundó la nación de Edom.	Sentencia 20: Hijos de Esaú: Elifaz, Reuel, Jeús, Jaalam y Coré
Esaú		Coré	5	M	Canaán (padre)	Velludo o hecho	1 Crónicas 1 [Cruces: Esaú: Génesis 25:21-34, Cap 27, Cap 36; Romanos 9:13; Hebreos 12:16-17]	Sobre el padre (Esaú): Hijo primogénito de Isaac y Rebeca; vendió su primogenitura por comida y fundó la nación de Edom.	Sentencia 20: Hijos de Esaú: Elifaz, Reuel, Jeús, Jaalam y Coré
Elifaz		Temán	1	M			1 Crónicas 1		Sentencia 21: Hijos de Elifaz: Temán, Omar, Zefo, Gatam, Cenaz, y el de Timna, Amalec
Elifaz		Omar	2	M			1 Crónicas 1		Sentencia 21: Hijos de Elifaz: Temán, Omar, Zefo, Gatam, Cenaz, y el de Timna, Amalec
Elifaz		Zefo	3	M			1 Crónicas 1		Sentencia 21: Hijos de Elifaz: Temán, Omar, Zefo, Gatam, Cenaz, y el de Timna, Amalec
Elifaz		Gatam	4	M			1 Crónicas 1		Sentencia 21: Hijos de Elifaz: Temán, Omar, Zefo, Gatam, Cenaz, y el de Timna, Amalec
Elifaz		Cenaz	5	M			1 Crónicas 1		Sentencia 21: Hijos de Elifaz: Temán, Omar, Zefo, Gatam, Cenaz, y el de Timna, Amalec
Elifaz		Amalec	7	M			1 Crónicas 1		Sentencia 21: Hijos de Elifaz: Temán, Omar, Zefo, Gatam, Cenaz, y el de Timna, Amalec
Reuel		Nahat	1	M			1 Crónicas 1		Sentencia 22: Hijos de Reuel: Nahat, Zera, Sama y Miza
Reuel		Zera	2	M			1 Crónicas 1		Sentencia 22: Hijos de Reuel: Nahat, Zera, Sama y Miza
Reuel		Sama	3	M			1 Crónicas 1		Sentencia 22: Hijos de Reuel: Nahat, Zera, Sama y Miza
Reuel		Miza	4	M			1 Crónicas 1		Sentencia 22: Hijos de Reuel: Nahat, Zera, Sama y Miza
Seir		Lotán	1	M			1 Crónicas 1		Sentencia 23: Hijos de Seir: Lotán, Sobal, Zibeón, Aná, Disón, Ezer y Disán
Seir		Sobal	2	M			1 Crónicas 1		Sentencia 23: Hijos de Seir: Lotán, Sobal, Zibeón, Aná, Disón, Ezer y Disán
Seir		Zibeón	3	M			1 Crónicas 1		Sentencia 23: Hijos de Seir: Lotán, Sobal, Zibeón, Aná, Disón, Ezer y Disán
Seir		Aná	4	M			1 Crónicas 1		Sentencia 23: Hijos de Seir: Lotán, Sobal, Zibeón, Aná, Disón, Ezer y Disán
Seir		Disón	5	M			1 Crónicas 1		Sentencia 23: Hijos de Seir: Lotán, Sobal, Zibeón, Aná, Disón, Ezer y Disán
Seir		Ezer	6	M			1 Crónicas 1		Sentencia 23: Hijos de Seir: Lotán, Sobal, Zibeón, Aná, Disón, Ezer y Disán
Seir		Disán	7	M			1 Crónicas 1		Sentencia 23: Hijos de Seir: Lotán, Sobal, Zibeón, Aná, Disón, Ezer y Disán
Lotán		Hori	1	M			1 Crónicas 1		Sentencia 24: Hijos de Lotán: Hori y Homam; y Timna fue hermana de Lotán
Lotán		Homam	2	M			1 Crónicas 1		Sentencia 24: Hijos de Lotán: Hori y Homam; y Timna fue hermana de Lotán
Sobal		Alván	1	M			1 Crónicas 1		Sentencia 25: Hijos de Sobal: Alván, Manahat, Ebal, Sefo y Onam
Sobal		Manahat	2	M			1 Crónicas 1		Sentencia 25: Hijos de Sobal: Alván, Manahat, Ebal, Sefo y Onam
Sobal		Ebal	3	M			1 Crónicas 1		Sentencia 25: Hijos de Sobal: Alván, Manahat, Ebal, Sefo y Onam
Sobal		Sefo	4	M			1 Crónicas 1		Sentencia 25: Hijos de Sobal: Alván, Manahat, Ebal, Sefo y Onam
Sobal		Onam	5	M			1 Crónicas 1		Sentencia 25: Hijos de Sobal: Alván, Manahat, Ebal, Sefo y Onam
Zibeón		Aja	1	M			1 Crónicas 1		Sentencia 26: Hijos de Zibeón: Aja y Aná
Zibeón		Aná	2	M			1 Crónicas 1		Sentencia 26: Hijos de Zibeón: Aja y Aná
Disón		Amram	1	M			1 Crónicas 1		Sentencia 27: Disón fue hijo de Aná; y los hijos de Disón: Amram, Esbán, Itrán y Querán
Disón		Esbán	2	M			1 Crónicas 1		Sentencia 27: Disón fue hijo de Aná; y los hijos de Disón: Amram, Esbán, Itrán y Querán
Disón		Itrán	3	M			1 Crónicas 1		Sentencia 27: Disón fue hijo de Aná; y los hijos de Disón: Amram, Esbán, Itrán y Querán
Disón		Querán	4	M			1 Crónicas 1		Sentencia 27: Disón fue hijo de Aná; y los hijos de Disón: Amram, Esbán, Itrán y Querán
Ezer		Bilhán	1	M			1 Crónicas 1		Sentencia 28: Hijos de Ezer: Bilhán, Zaaván y Jaacán
Ezer		Zaaván	2	M			1 Crónicas 1		Sentencia 28: Hijos de Ezer: Bilhán, Zaaván y Jaacán
Ezer		Jaacán	3	M			1 Crónicas 1		Sentencia 28: Hijos de Ezer: Bilhán, Zaaván y Jaacán
Disán		Uz	1	M			1 Crónicas 1		Sentencia 29: Hijos de Disán: Uz y Arán
Disán		Arán	2	M			1 Crónicas 1		Sentencia 29: Hijos de Disán: Uz y Arán
Beor		Bela		M			1 Crónicas 1		Sentencia 30: Y estos  sus reyes: Bela hijo de Beor, y el nombre de su ciudad era Dinaba
Israel		Rubén	1	M	Padan-aram	El que lucha con Dios / Príncipe de Dios	1 Crónicas 2 [Cruces: Israel: Génesis 25:21 a 49:33; Oseas 12:3-4; Mateo 1:2; Rubén: Génesis 29:32, 35:22, 49:3-4]	Sobre el padre (Israel): Nombre dado a Jacob tras su lucha con el ángel en Peniel; sus doce hijos fundaron las 12 tribus. | Sobre el hijo (Rubén): Hijo primogénito de Jacob y Lea; perdió sus derechos de primogenitura por profanar el lecho de su padre.	Sentencia 40: Estos son los hijos de Israel: Rubén, Simeón, Leví, Judá, Isacar, Zabulón, Dan, José, Benjamín, Neft
Israel		Simeón	2	M	Padan-aram	El que lucha con Dios / Príncipe de Dios	1 Crónicas 2 [Cruces: Israel: Génesis 25:21 a 49:33; Oseas 12:3-4; Mateo 1:2; Simeón: Génesis 29:33, 34:25-30, 49:5-7]	Sobre el padre (Israel): Nombre dado a Jacob tras su lucha con el ángel en Peniel; sus doce hijos fundaron las 12 tribus. | Sobre el hijo (Simeón): Segundo hijo de Jacob y Lea; lideró la venganza contra Siquem junto a Leví.	Sentencia 40: Estos son los hijos de Israel: Rubén, Simeón, Leví, Judá, Isacar, Zabulón, Dan, José, Benjamín, Neft
Israel		Leví	3	M	Padan-aram	El que lucha con Dios / Príncipe de Dios	1 Crónicas 2 [Cruces: Israel: Génesis 25:21 a 49:33; Oseas 12:3-4; Mateo 1:2; Leví: Génesis 29:34, 49:5-7; Éxodo 2; Hebreos 7]	Sobre el padre (Israel): Nombre dado a Jacob tras su lucha con el ángel en Peniel; sus doce hijos fundaron las 12 tribus. | Sobre el hijo (Leví): Tercer hijo de Jacob y Lea; su descendencia fue apartada exclusivamente para el servicio del templo.	Sentencia 40: Estos son los hijos de Israel: Rubén, Simeón, Leví, Judá, Isacar, Zabulón, Dan, José, Benjamín, Neft
Israel		Judá	4	M	Padan-aram	El que lucha con Dios / Príncipe de Dios	1 Crónicas 2 [Cruces: Israel: Génesis 25:21 a 49:33; Oseas 12:3-4; Mateo 1:2; Judá: Génesis 29:35, Cap 38, Cap 44, 49:8-12; Hebreos 7:14; Apocalipsis 5:5; Mateo 1:2-3]	Sobre el padre (Israel): Nombre dado a Jacob tras su lucha con el ángel en Peniel; sus doce hijos fundaron las 12 tribus. | Sobre el hijo (Judá): Cuarto hijo de Jacob y Lea; de su línea proviene el rey David y Jesucristo (el León de la tribu de Judá).	Sentencia 40: Estos son los hijos de Israel: Rubén, Simeón, Leví, Judá, Isacar, Zabulón, Dan, José, Benjamín, Neft
Israel		Isacar	5	M	Canaán (padre)	El que lucha con Dios / Príncipe de Dios	1 Crónicas 2 [Cruces: Israel: Génesis 25:21 a 49:33; Oseas 12:3-4; Mateo 1:2]	Sobre el padre (Israel): Nombre dado a Jacob tras su lucha con el ángel en Peniel; sus doce hijos fundaron las 12 tribus.	Sentencia 40: Estos son los hijos de Israel: Rubén, Simeón, Leví, Judá, Isacar, Zabulón, Dan, José, Benjamín, Neft
Israel		Zabulón	6	M	Canaán (padre)	El que lucha con Dios / Príncipe de Dios	1 Crónicas 2 [Cruces: Israel: Génesis 25:21 a 49:33; Oseas 12:3-4; Mateo 1:2]	Sobre el padre (Israel): Nombre dado a Jacob tras su lucha con el ángel en Peniel; sus doce hijos fundaron las 12 tribus.	Sentencia 40: Estos son los hijos de Israel: Rubén, Simeón, Leví, Judá, Isacar, Zabulón, Dan, José, Benjamín, Neft
Israel		Dan	7	M	Canaán (padre)	El que lucha con Dios / Príncipe de Dios	1 Crónicas 2 [Cruces: Israel: Génesis 25:21 a 49:33; Oseas 12:3-4; Mateo 1:2]	Sobre el padre (Israel): Nombre dado a Jacob tras su lucha con el ángel en Peniel; sus doce hijos fundaron las 12 tribus.	Sentencia 40: Estos son los hijos de Israel: Rubén, Simeón, Leví, Judá, Isacar, Zabulón, Dan, José, Benjamín, Neft
Israel		José	8	M	Padan-aram	El que lucha con Dios / Príncipe de Dios	1 Crónicas 2 [Cruces: Israel: Génesis 25:21 a 49:33; Oseas 12:3-4; Mateo 1:2; José: Génesis 30:22-24, Caps 37-50; Salmo 105:17-22; Hebreos 11:21-22]	Sobre el padre (Israel): Nombre dado a Jacob tras su lucha con el ángel en Peniel; sus doce hijos fundaron las 12 tribus. | Sobre el hijo (José): Hijo predilecto de Jacob y Raquel; vendido por sus hermanos, llegó a ser gobernante y salvador de Egipto.	Sentencia 40: Estos son los hijos de Israel: Rubén, Simeón, Leví, Judá, Isacar, Zabulón, Dan, José, Benjamín, Neft
Israel		Benjamín	9	M	Canaán (cerca de Belén)	El que lucha con Dios / Príncipe de Dios	1 Crónicas 2 [Cruces: Israel: Génesis 25:21 a 49:33; Oseas 12:3-4; Mateo 1:2; Benjamín: Génesis 35:16-18, 49:27; Romanos 11:1; Filipenses 3:5]	Sobre el padre (Israel): Nombre dado a Jacob tras su lucha con el ángel en Peniel; sus doce hijos fundaron las 12 tribus. | Sobre el hijo (Benjamín): Hijo menor de Jacob y Raquel, quien falleció en el parto llamándolo Benoni.	Sentencia 40: Estos son los hijos de Israel: Rubén, Simeón, Leví, Judá, Isacar, Zabulón, Dan, José, Benjamín, Neft
Israel		Neftalí	10	M	Canaán (padre)	El que lucha con Dios / Príncipe de Dios	1 Crónicas 2 [Cruces: Israel: Génesis 25:21 a 49:33; Oseas 12:3-4; Mateo 1:2]	Sobre el padre (Israel): Nombre dado a Jacob tras su lucha con el ángel en Peniel; sus doce hijos fundaron las 12 tribus.	Sentencia 40: Estos son los hijos de Israel: Rubén, Simeón, Leví, Judá, Isacar, Zabulón, Dan, José, Benjamín, Neft
Israel		Gad	11	M	Canaán (padre)	El que lucha con Dios / Príncipe de Dios	1 Crónicas 2 [Cruces: Israel: Génesis 25:21 a 49:33; Oseas 12:3-4; Mateo 1:2]	Sobre el padre (Israel): Nombre dado a Jacob tras su lucha con el ángel en Peniel; sus doce hijos fundaron las 12 tribus.	Sentencia 40: Estos son los hijos de Israel: Rubén, Simeón, Leví, Judá, Isacar, Zabulón, Dan, José, Benjamín, Neft
Israel		Aser	12	M	Canaán (padre)	El que lucha con Dios / Príncipe de Dios	1 Crónicas 2 [Cruces: Israel: Génesis 25:21 a 49:33; Oseas 12:3-4; Mateo 1:2]	Sobre el padre (Israel): Nombre dado a Jacob tras su lucha con el ángel en Peniel; sus doce hijos fundaron las 12 tribus.	Sentencia 40: Estos son los hijos de Israel: Rubén, Simeón, Leví, Judá, Isacar, Zabulón, Dan, José, Benjamín, Neft
Judá		Er	1	M	Padan-aram (padre)	Alabado sea Dios / Celebrado	1 Crónicas 2 [Cruces: Judá: Génesis 29:35, Cap 38, Cap 44, 49:8-12; Hebreos 7:14; Apocalipsis 5:5; Mateo 1:2-3]	Sobre el padre (Judá): Cuarto hijo de Jacob y Lea; de su línea proviene el rey David y Jesucristo (el León de la tribu de Judá).	Sentencia 41: Hijos de Judá: Er, Onán y Sela
Judá		Onán	2	M	Padan-aram (padre)	Alabado sea Dios / Celebrado	1 Crónicas 2 [Cruces: Judá: Génesis 29:35, Cap 38, Cap 44, 49:8-12; Hebreos 7:14; Apocalipsis 5:5; Mateo 1:2-3]	Sobre el padre (Judá): Cuarto hijo de Jacob y Lea; de su línea proviene el rey David y Jesucristo (el León de la tribu de Judá).	Sentencia 41: Hijos de Judá: Er, Onán y Sela
Judá		Sela	3	M	Padan-aram (padre)	Alabado sea Dios / Celebrado	1 Crónicas 2 [Cruces: Judá: Génesis 29:35, Cap 38, Cap 44, 49:8-12; Hebreos 7:14; Apocalipsis 5:5; Mateo 1:2-3]	Sobre el padre (Judá): Cuarto hijo de Jacob y Lea; de su línea proviene el rey David y Jesucristo (el León de la tribu de Judá).	Sentencia 41: Hijos de Judá: Er, Onán y Sela
Judá	Tamar	Fares	1	M	Padan-aram (padre)	Alabado sea Dios / Celebrado	1 Crónicas 2 [Cruces: Judá: Génesis 29:35, Cap 38, Cap 44, 49:8-12; Hebreos 7:14; Apocalipsis 5:5; Mateo 1:2-3]	Sobre el padre (Judá): Cuarto hijo de Jacob y Lea; de su línea proviene el rey David y Jesucristo (el León de la tribu de Judá).	Sentencia 44: Y Tamar  su nuera dio a luz a Fares y a Zera
Judá	Tamar	Zera	2	M	Padan-aram (padre)	Alabado sea Dios / Celebrado	1 Crónicas 2 [Cruces: Judá: Génesis 29:35, Cap 38, Cap 44, 49:8-12; Hebreos 7:14; Apocalipsis 5:5; Mateo 1:2-3]	Sobre el padre (Judá): Cuarto hijo de Jacob y Lea; de su línea proviene el rey David y Jesucristo (el León de la tribu de Judá).	Sentencia 44: Y Tamar  su nuera dio a luz a Fares y a Zera
Fares		Hezrón	1	M			1 Crónicas 2		Sentencia 46: Hijos de Fares : Hezrón y Hamul
Fares		Hamul	2	M			1 Crónicas 2		Sentencia 46: Hijos de Fares : Hezrón y Hamul
Zera		Zimri	1	M			1 Crónicas 2		Sentencia 47: E hijos de Zera: Zimri, Etán, Hemán, Calcol y Dara: cinco por todos
Zera		Etán	2	M			1 Crónicas 2		Sentencia 47: E hijos de Zera: Zimri, Etán, Hemán, Calcol y Dara: cinco por todos
Zera		Hemán	3	M			1 Crónicas 2		Sentencia 47: E hijos de Zera: Zimri, Etán, Hemán, Calcol y Dara: cinco por todos
Zera		Calcol	4	M			1 Crónicas 2		Sentencia 47: E hijos de Zera: Zimri, Etán, Hemán, Calcol y Dara: cinco por todos
Zera		Dara: cinco por todos	5	M			1 Crónicas 2		Sentencia 47: E hijos de Zera: Zimri, Etán, Hemán, Calcol y Dara: cinco por todos
Ram		Aminadab		M			1 Crónicas 2		Sentencia 51: Ram engendró a Aminadab, y Aminadab engendró a Naasón, príncipe de los hijos de Judá
Aminadab		Naasón		M			1 Crónicas 2		Sentencia 51: Ram engendró a Aminadab, y Aminadab engendró a Naasón, príncipe de los hijos de Judá
Naasón		Salmón		M			1 Crónicas 2		Sentencia 52: Naasón engendró a Salmón, y Salmón engendró a Boaz
Salmón		Boaz		M			1 Crónicas 2		Sentencia 52: Naasón engendró a Salmón, y Salmón engendró a Boaz
Boaz		Obed		F			1 Crónicas 2		Sentencia 53: Boaz engendró a Obed, y Obed engendró a Isaí, e Isaí engendró a Eliab su primogénito, el segundo Abi
Obed		Isaí		F			1 Crónicas 2		Sentencia 53: Boaz engendró a Obed, y Obed engendró a Isaí, e Isaí engendró a Eliab su primogénito, el segundo Abi
e Isaí		Eliab su		F			1 Crónicas 2		Sentencia 53: Boaz engendró a Obed, y Obed engendró a Isaí, e Isaí engendró a Eliab su primogénito, el segundo Abi
Sarvia fueron tres		Abisai	1	M			1 Crónicas 2		Sentencia 54: Los hijos de Sarvia fueron tres: Abisai, Joab y Asael
Sarvia fueron tres		Joab	2	M			1 Crónicas 2		Sentencia 54: Los hijos de Sarvia fueron tres: Abisai, Joab y Asael
Sarvia fueron tres		Asael	3	M			1 Crónicas 2		Sentencia 54: Los hijos de Sarvia fueron tres: Abisai, Joab y Asael
Jeter	Abigail	Amasa	1	M			1 Crónicas 2		Sentencia 55: Abigail dio a luz a Amasa, cuyo padre fue Jeter ismaelita
Caleb	Azuba	Jeriot		M	Egipto (padre)	Perro, audaz, impetuoso o fiel	1 Crónicas 2 [Cruces: Caleb: Números 13:6, 14:24-38; Josué 14:6-15]	Sobre el padre (Caleb): Espía fiel de la tribu de Judá que confió en Dios; recibió Hebrón como herencia por su fe.	Sentencia 56: Caleb ben Hezrón engendró a Jeriot de su mujer Azuba
Hur		Uri		M			1 Crónicas 2		Sentencia 59: Hur engendró a Uri, y Uri engendró a Bezaleel
Uri		Bezaleel		M			1 Crónicas 2		Sentencia 59: Hur engendró a Uri, y Uri engendró a Bezaleel
Maquir		Galaad		F			1 Crónicas 2		Sentencia 60: Después Hezrón se llegó a la hija de Maquir, padre de Galaad, a la cual tomó siendo él de sesenta añ
Segub		Jair		M			1 Crónicas 2		Sentencia 61: Segub engendró a Jair, quien poseyó veintitrés ciudades en la tierra de Galaad
Pero Gesur		Aram tomaron Havot-Jair		M			1 Crónicas 2		Sentencia 62: Linaje de Pero Gesur
Aram tomaron Havot-Jair		con Kenat	1	M			1 Crónicas 2		Sentencia 62: Hijo de Aram tomaron Havot-Jair
Aram tomaron Havot-Jair		sus aldeas: sesenta lugares	2	M			1 Crónicas 2		Sentencia 62: Hijo de Aram tomaron Havot-Jair
Hezrón	Hezrón	Asur	1	M			1 Crónicas 2		Sentencia 64: Después que murió Hezrón en Caleb-Efrata, Abías mujer de Hezrón dio a luz a Asur, padre de Tecoa
Onam		Samai	1	M			1 Crónicas 2		Sentencia 68: Hijos de Onam: Samai y Jada
Onam		Jada	2	M			1 Crónicas 2		Sentencia 68: Hijos de Onam: Samai y Jada
Samai		Nadab	1	M			1 Crónicas 2		Sentencia 69: Hijos de Samai: Nadab y Abisur
Samai		Abisur	2	M			1 Crónicas 2		Sentencia 69: Hijos de Samai: Nadab y Abisur
Nadab		Seled	1	M			1 Crónicas 2		Sentencia 71: Hijos de Nadab: Seled y Apaim
Nadab		Apaim	2	M			1 Crónicas 2		Sentencia 71: Hijos de Nadab: Seled y Apaim
Apaim	Hezrón	Isi		M			1 Crónicas 2		Sentencia 73: Isi fue hijo de Apaim, y Sesán hijo de Isi, e hijo de Sesán, Ahlai
Jonatán		Pelet	1	M			1 Crónicas 2		Sentencia 76: Hijos de Jonatán: Pelet y Zaza
Jonatán		Zaza	2	M			1 Crónicas 2		Sentencia 76: Hijos de Jonatán: Pelet y Zaza
Atai		Natán		M			1 Crónicas 3		Sentencia 80: Atai engendró a Natán, y Natán engendró a Zabad; Zabad engendró a Eflal, Eflal engendró a Obed; Obed
Zabad		Eflal		M			1 Crónicas 3		Sentencia 80: Atai engendró a Natán, y Natán engendró a Zabad; Zabad engendró a Eflal, Eflal engendró a Obed; Obed
Obed		Jehú		M			1 Crónicas 3		Sentencia 80: Atai engendró a Natán, y Natán engendró a Zabad; Zabad engendró a Eflal, Eflal engendró a Obed; Obed
Azarías		Heles		M			1 Crónicas 3		Sentencia 80: Atai engendró a Natán, y Natán engendró a Zabad; Zabad engendró a Eflal, Eflal engendró a Obed; Obed
Elasa		Sismai		M			1 Crónicas 3		Sentencia 80: Atai engendró a Natán, y Natán engendró a Zabad; Zabad engendró a Eflal, Eflal engendró a Obed; Obed
Salum		Jecamías		M			1 Crónicas 3		Sentencia 80: Atai engendró a Natán, y Natán engendró a Zabad; Zabad engendró a Eflal, Eflal engendró a Obed; Obed
Jecamías		Elisama		M			1 Crónicas 3		Sentencia 80: Atai engendró a Natán, y Natán engendró a Zabad; Zabad engendró a Eflal, Eflal engendró a Obed; Obed
Maresa		Hebrón		M			1 Crónicas 3		Sentencia 81: Hijos de Caleb, hermano de Jerameel: Mesa su primogénito, que fue el padre de Zif; y los hijos de Ma
Hebrón		Coré	1	M			1 Crónicas 3		Sentencia 82: Hijos de Hebrón: Coré, Tapúa, Requem y Sema
Hebrón		Tapúa	2	M			1 Crónicas 3		Sentencia 82: Hijos de Hebrón: Coré, Tapúa, Requem y Sema
Hebrón		Requem	3	M			1 Crónicas 3		Sentencia 82: Hijos de Hebrón: Coré, Tapúa, Requem y Sema
Hebrón		Sema	4	M			1 Crónicas 3		Sentencia 82: Hijos de Hebrón: Coré, Tapúa, Requem y Sema
Sema		Raham		M			1 Crónicas 3		Sentencia 83: Sema engendró a Raham, padre de Jorcoam, y Requem engendró a Samai
Requem		Samai		M			1 Crónicas 3		Sentencia 83: Sema engendró a Raham, padre de Jorcoam, y Requem engendró a Samai
Samai	Hezrón	Maón		M			1 Crónicas 3		Sentencia 84: Maón fue hijo de Samai, y Maón padre de Bet-Sur
Caleb	Caleb	Harán	1	M	Egipto (padre)	Perro, audaz, impetuoso o fiel	1 Crónicas 3 [Cruces: Caleb: Números 13:6, 14:24-38; Josué 14:6-15]	Sobre el padre (Caleb): Espía fiel de la tribu de Judá que confió en Dios; recibió Hebrón como herencia por su fe.	Sentencia 85: Y Efa, concubina de Caleb, dio a luz a Harán, a Mosa y a Gazez
Caleb	Caleb	a Mosa	2	M	Egipto (padre)	Perro, audaz, impetuoso o fiel	1 Crónicas 3 [Cruces: Caleb: Números 13:6, 14:24-38; Josué 14:6-15]	Sobre el padre (Caleb): Espía fiel de la tribu de Judá que confió en Dios; recibió Hebrón como herencia por su fe.	Sentencia 85: Y Efa, concubina de Caleb, dio a luz a Harán, a Mosa y a Gazez
Caleb	Caleb	Gazez	3	M	Egipto (padre)	Perro, audaz, impetuoso o fiel	1 Crónicas 3 [Cruces: Caleb: Números 13:6, 14:24-38; Josué 14:6-15]	Sobre el padre (Caleb): Espía fiel de la tribu de Judá que confió en Dios; recibió Hebrón como herencia por su fe.	Sentencia 85: Y Efa, concubina de Caleb, dio a luz a Harán, a Mosa y a Gazez
Harán		Gazez		M			1 Crónicas 3		Sentencia 86: Y Harán engendró a Gazez
Jahdai		Regem	1	M			1 Crónicas 3		Sentencia 87: Hijos de Jahdai: Regem, Jotam, Gesam, Pelet, Efa y Saaf
Jahdai		Jotam	2	M			1 Crónicas 3		Sentencia 87: Hijos de Jahdai: Regem, Jotam, Gesam, Pelet, Efa y Saaf
Jahdai		Gesam	3	M			1 Crónicas 3		Sentencia 87: Hijos de Jahdai: Regem, Jotam, Gesam, Pelet, Efa y Saaf
Jahdai		Pelet	4	M			1 Crónicas 3		Sentencia 87: Hijos de Jahdai: Regem, Jotam, Gesam, Pelet, Efa y Saaf
Jahdai		Efa	5	M			1 Crónicas 3		Sentencia 87: Hijos de Jahdai: Regem, Jotam, Gesam, Pelet, Efa y Saaf
Jahdai		Saaf	6	M			1 Crónicas 3		Sentencia 87: Hijos de Jahdai: Regem, Jotam, Gesam, Pelet, Efa y Saaf
Caleb	Caleb	Seber	1	M	Egipto (padre)	Perro, audaz, impetuoso o fiel	1 Crónicas 3 [Cruces: Caleb: Números 13:6, 14:24-38; Josué 14:6-15]	Sobre el padre (Caleb): Espía fiel de la tribu de Judá que confió en Dios; recibió Hebrón como herencia por su fe.	Sentencia 88: Maaca, concubina de Caleb, dio a luz a Seber y a Tirhana
Caleb	Caleb	Tirhana	2	M	Egipto (padre)	Perro, audaz, impetuoso o fiel	1 Crónicas 3 [Cruces: Caleb: Números 13:6, 14:24-38; Josué 14:6-15]	Sobre el padre (Caleb): Espía fiel de la tribu de Judá que confió en Dios; recibió Hebrón como herencia por su fe.	Sentencia 88: Maaca, concubina de Caleb, dio a luz a Seber y a Tirhana
hija	También	Saaf	1	M			1 Crónicas 3		Sentencia 89: También dio a luz a Saaf, padre de Madmana, y a Seva, padre de Macbena, y padre de Gibea; y Acsa fue
Caleb		Hur	1	M	Egipto (padre)	Perro, audaz, impetuoso o fiel	1 Crónicas 3 [Cruces: Caleb: Números 13:6, 14:24-38; Josué 14:6-15]	Sobre el padre (Caleb): Espía fiel de la tribu de Judá que confió en Dios; recibió Hebrón como herencia por su fe.	Sentencia 90: Estos fueron los hijos de Caleb: hijos de Hur, primogénito de Efrata: Sobal, padre de Quiriat-Jearim
Caleb		Salma	2	M	Egipto (padre)	Perro, audaz, impetuoso o fiel	1 Crónicas 3 [Cruces: Caleb: Números 13:6, 14:24-38; Josué 14:6-15]	Sobre el padre (Caleb): Espía fiel de la tribu de Judá que confió en Dios; recibió Hebrón como herencia por su fe.	Sentencia 90: Estos fueron los hijos de Caleb: hijos de Hur, primogénito de Efrata: Sobal, padre de Quiriat-Jearim
Caleb		Haref	3	M	Egipto (padre)	Perro, audaz, impetuoso o fiel	1 Crónicas 3 [Cruces: Caleb: Números 13:6, 14:24-38; Josué 14:6-15]	Sobre el padre (Caleb): Espía fiel de la tribu de Judá que confió en Dios; recibió Hebrón como herencia por su fe.	Sentencia 90: Estos fueron los hijos de Caleb: hijos de Hur, primogénito de Efrata: Sobal, padre de Quiriat-Jearim
Sobal		Quiriat		M			1 Crónicas 3		Sentencia 91: Hijos de Sobal, padre de Quiriat-Jearim: Haroe, la mitad de los manahetitas
Familias de Quiriat-Jearim: los itritas		los futitas		M			1 Crónicas 3		Sentencia 92: Linaje de Familias de Quiriat-Jearim: los itritas
los futitas		los sumatitas		M			1 Crónicas 3		Sentencia 92: Linaje de los futitas
los sumatitas		misraítas		M			1 Crónicas 3		Sentencia 92: Linaje de los sumatitas
misraítas		de los cuales salieron los zoratitas	1	M			1 Crónicas 3		Sentencia 92: Hijo de misraítas
misraítas		estaolitas	2	M			1 Crónicas 3		Sentencia 92: Hijo de misraítas
Salma		Bet-Léjem	1	M			1 Crónicas 3		Sentencia 93: Hijos de Salma: Bet-Léjem, y los netofatitas, Atrot-Beth-Joab, y Hazi-Hammanahti, zoraíta
Salma		netofatitas	2	M			1 Crónicas 3		Sentencia 93: Hijos de Salma: Bet-Léjem, y los netofatitas, Atrot-Beth-Joab, y Hazi-Hammanahti, zoraíta
Salma		Atrot-Beth-Joab	3	M			1 Crónicas 3		Sentencia 93: Hijos de Salma: Bet-Léjem, y los netofatitas, Atrot-Beth-Joab, y Hazi-Hammanahti, zoraíta
Salma		Hazi-Hammanahti	4	M			1 Crónicas 3		Sentencia 93: Hijos de Salma: Bet-Léjem, y los netofatitas, Atrot-Beth-Joab, y Hazi-Hammanahti, zoraíta
Salma		zoraíta	5	M			1 Crónicas 3		Sentencia 93: Hijos de Salma: Bet-Léjem, y los netofatitas, Atrot-Beth-Joab, y Hazi-Hammanahti, zoraíta
escribas que habitaban en Jabes		tirateos	1	M			1 Crónicas 3		Sentencia 94: Y las familias de los escribas que habitaban en Jabes: los tirateos, los simeateos y los sucateos, l
escribas que habitaban en Jabes		los simeateos	2	M			1 Crónicas 3		Sentencia 94: Y las familias de los escribas que habitaban en Jabes: los tirateos, los simeateos y los sucateos, l
escribas que habitaban en Jabes		sucateos	3	M			1 Crónicas 3		Sentencia 94: Y las familias de los escribas que habitaban en Jabes: los tirateos, los simeateos y los sucateos, l
escribas que habitaban en Jabes		los cuales son los ceneos	4	M			1 Crónicas 3		Sentencia 94: Y las familias de los escribas que habitaban en Jabes: los tirateos, los simeateos y los sucateos, l
escribas que habitaban en Jabes		que proceden de Hamat	5	M			1 Crónicas 3		Sentencia 94: Y las familias de los escribas que habitaban en Jabes: los tirateos, los simeateos y los sucateos, l
David que le nacieron en Hebrón		Amnón	1	M			1 Crónicas 3		Sentencia 95: Estos son los hijos de David que le nacieron en Hebrón: Amnón, el primogénito, de Ahinoam jezreelita
David que le nacieron en Hebrón		el	1	M			1 Crónicas 3		Sentencia 95: Estos son los hijos de David que le nacieron en Hebrón: Amnón, el primogénito, de Ahinoam jezreelita
David que le nacieron en Hebrón		de Ahinoam jezreelita; el	2	M			1 Crónicas 3		Sentencia 95: Estos son los hijos de David que le nacieron en Hebrón: Amnón, el primogénito, de Ahinoam jezreelita
David que le nacieron en Hebrón		Daniel	2	M			1 Crónicas 3		Sentencia 95: Estos son los hijos de David que le nacieron en Hebrón: Amnón, el primogénito, de Ahinoam jezreelita
David que le nacieron en Hebrón		de Abigail la de Carmel; el	3	M			1 Crónicas 3		Sentencia 95: Estos son los hijos de David que le nacieron en Hebrón: Amnón, el primogénito, de Ahinoam jezreelita
David que le nacieron en Hebrón		Absalón	3	M			1 Crónicas 3		Sentencia 95: Estos son los hijos de David que le nacieron en Hebrón: Amnón, el primogénito, de Ahinoam jezreelita
David que le nacieron en Hebrón		hija de Talmai	4	F			1 Crónicas 3		Sentencia 95: Estos son los hijos de David que le nacieron en Hebrón: Amnón, el primogénito, de Ahinoam jezreelita
David que le nacieron en Hebrón		rey de Gesur; el	4	M			1 Crónicas 3		Sentencia 95: Estos son los hijos de David que le nacieron en Hebrón: Amnón, el primogénito, de Ahinoam jezreelita
David que le nacieron en Hebrón		Adonías	5	M			1 Crónicas 3		Sentencia 95: Estos son los hijos de David que le nacieron en Hebrón: Amnón, el primogénito, de Ahinoam jezreelita
David que le nacieron en Hebrón		Sefatías	6	M			1 Crónicas 3		Sentencia 95: Estos son los hijos de David que le nacieron en Hebrón: Amnón, el primogénito, de Ahinoam jezreelita
David que le nacieron en Hebrón		de Abital; el	6	M			1 Crónicas 3		Sentencia 95: Estos son los hijos de David que le nacieron en Hebrón: Amnón, el primogénito, de Ahinoam jezreelita
David que le nacieron en Hebrón		Itream	7	M			1 Crónicas 3		Sentencia 95: Estos son los hijos de David que le nacieron en Hebrón: Amnón, el primogénito, de Ahinoam jezreelita
David que le nacieron en Hebrón		de	8	M			1 Crónicas 3		Sentencia 95: Estos son los hijos de David que le nacieron en Hebrón: Amnón, el primogénito, de Ahinoam jezreelita
otros nueve: Ibhar		Elisama		M			1 Crónicas 4		Sentencia 99: Linaje de otros nueve: Ibhar
Elisama		Eliada	1	M			1 Crónicas 4		Sentencia 99: Hijo de Elisama
Elisama		Elifelet	2	M			1 Crónicas 4		Sentencia 99: Hijo de Elisama
Josías		Johanán	1	M			1 Crónicas 4		Sentencia 103: Hijos de Josías: Johanán, su primogénito, el segundo Joacim, el tercero Sedequías, el cuarto Salum
Josías		su	1	M			1 Crónicas 4		Sentencia 103: Hijos de Josías: Johanán, su primogénito, el segundo Joacim, el tercero Sedequías, el cuarto Salum
Josías		el	2	M			1 Crónicas 4		Sentencia 103: Hijos de Josías: Johanán, su primogénito, el segundo Joacim, el tercero Sedequías, el cuarto Salum
Joacim		Jeconías su	1	M			1 Crónicas 4		Sentencia 104: Hijos de Joacim: Jeconías su hijo, hijo del cual fue Sedequías
Jeconías el cautivo		Salatiel	1	M			1 Crónicas 4		Sentencia 105: Hijos de Jeconías el cautivo: Salatiel, Malquiram, Pedaías, Senazar, Jecamías, Hosama y Nedabías
Jeconías el cautivo		Malquiram	2	M			1 Crónicas 4		Sentencia 105: Hijos de Jeconías el cautivo: Salatiel, Malquiram, Pedaías, Senazar, Jecamías, Hosama y Nedabías
Jeconías el cautivo		Pedaías	3	M			1 Crónicas 4		Sentencia 105: Hijos de Jeconías el cautivo: Salatiel, Malquiram, Pedaías, Senazar, Jecamías, Hosama y Nedabías
Jeconías el cautivo		Senazar	4	M			1 Crónicas 4		Sentencia 105: Hijos de Jeconías el cautivo: Salatiel, Malquiram, Pedaías, Senazar, Jecamías, Hosama y Nedabías
Jeconías el cautivo		Jecamías	5	M			1 Crónicas 4		Sentencia 105: Hijos de Jeconías el cautivo: Salatiel, Malquiram, Pedaías, Senazar, Jecamías, Hosama y Nedabías
Jeconías el cautivo		Hosama	6	M			1 Crónicas 4		Sentencia 105: Hijos de Jeconías el cautivo: Salatiel, Malquiram, Pedaías, Senazar, Jecamías, Hosama y Nedabías
Jeconías el cautivo		Nedabías	7	M			1 Crónicas 4		Sentencia 105: Hijos de Jeconías el cautivo: Salatiel, Malquiram, Pedaías, Senazar, Jecamías, Hosama y Nedabías
Pedaías		Zorobabel	1	M			1 Crónicas 4		Sentencia 106: Hijos de Pedaías: Zorobabel y Simei
Pedaías		Simei	2	M			1 Crónicas 4		Sentencia 106: Hijos de Pedaías: Zorobabel y Simei
Zorobabel		Mesulam	1	M			1 Crónicas 4		Sentencia 107: E hijos de Zorobabel: Mesulam, Hananías, y Selomit, su hermana
Zorobabel		Hananías	2	M			1 Crónicas 4		Sentencia 107: E hijos de Zorobabel: Mesulam, Hananías, y Selomit, su hermana
Zorobabel		Selomit	3	F			1 Crónicas 4		Sentencia 107: E hijos de Zorobabel: Mesulam, Hananías, y Selomit, su hermana
También estos cinco: Hasuba		Ohel		M			1 Crónicas 4		Sentencia 108: Linaje de También estos cinco: Hasuba
Ohel		Berequías		M			1 Crónicas 4		Sentencia 108: Linaje de Ohel
Berequías		Hasadías	1	M			1 Crónicas 4		Sentencia 108: Hijo de Berequías
Berequías		Jusab-Hesed	2	M			1 Crónicas 4		Sentencia 108: Hijo de Berequías
Hananías		Pelatías	1	M			1 Crónicas 4		Sentencia 109: E hijos de Hananías: Pelatías y Jesaías; su hijo, Refaías; su hijo, Arnán; su hijo, Abdías; su hijo,
Hananías		Jesaías; su	2	M			1 Crónicas 4		Sentencia 109: E hijos de Hananías: Pelatías y Jesaías; su hijo, Refaías; su hijo, Arnán; su hijo, Abdías; su hijo,
Hananías		Refaías; su	3	M			1 Crónicas 4		Sentencia 109: E hijos de Hananías: Pelatías y Jesaías; su hijo, Refaías; su hijo, Arnán; su hijo, Abdías; su hijo,
Hananías		Arnán; su	4	M			1 Crónicas 4		Sentencia 109: E hijos de Hananías: Pelatías y Jesaías; su hijo, Refaías; su hijo, Arnán; su hijo, Abdías; su hijo,
Hananías		Abdías; su	5	M			1 Crónicas 4		Sentencia 109: E hijos de Hananías: Pelatías y Jesaías; su hijo, Refaías; su hijo, Arnán; su hijo, Abdías; su hijo,
Hananías		Secanías	6	M			1 Crónicas 4		Sentencia 109: E hijos de Hananías: Pelatías y Jesaías; su hijo, Refaías; su hijo, Arnán; su hijo, Abdías; su hijo,
Semaías		Hatús	1	M			1 Crónicas 4		Sentencia 110: Hijo de Secanías fue Semaías; e hijos de Semaías: Hatús, Igal, Barías, Nearías, Sofet y Safat: seis
Semaías		Igal	2	M			1 Crónicas 4		Sentencia 110: Hijo de Secanías fue Semaías; e hijos de Semaías: Hatús, Igal, Barías, Nearías, Sofet y Safat: seis
Semaías		Barías	3	M			1 Crónicas 4		Sentencia 110: Hijo de Secanías fue Semaías; e hijos de Semaías: Hatús, Igal, Barías, Nearías, Sofet y Safat: seis
Semaías		Nearías	4	M			1 Crónicas 4		Sentencia 110: Hijo de Secanías fue Semaías; e hijos de Semaías: Hatús, Igal, Barías, Nearías, Sofet y Safat: seis
Semaías		Sofet	5	M			1 Crónicas 4		Sentencia 110: Hijo de Secanías fue Semaías; e hijos de Semaías: Hatús, Igal, Barías, Nearías, Sofet y Safat: seis
Semaías		Safat: seis	6	M			1 Crónicas 4		Sentencia 110: Hijo de Secanías fue Semaías; e hijos de Semaías: Hatús, Igal, Barías, Nearías, Sofet y Safat: seis
Nearías fueron estos tres		Elioenai	1	M			1 Crónicas 4		Sentencia 111: Hijos de Nearías fueron estos tres: Elioenai, Ezequías y Azricam
Nearías fueron estos tres		Ezequías	2	M			1 Crónicas 4		Sentencia 111: Hijos de Nearías fueron estos tres: Elioenai, Ezequías y Azricam
Nearías fueron estos tres		Azricam	3	M			1 Crónicas 4		Sentencia 111: Hijos de Nearías fueron estos tres: Elioenai, Ezequías y Azricam
Elioenai fueron estos siete		Hodavías	1	M			1 Crónicas 4		Sentencia 112: Hijos de Elioenai fueron estos siete: Hodavías, Eliasib, Pelaías, Acub, Johanán, Dalaías y Anani
Elioenai fueron estos siete		Eliasib	2	M			1 Crónicas 4		Sentencia 112: Hijos de Elioenai fueron estos siete: Hodavías, Eliasib, Pelaías, Acub, Johanán, Dalaías y Anani
Elioenai fueron estos siete		Pelaías	3	M			1 Crónicas 4		Sentencia 112: Hijos de Elioenai fueron estos siete: Hodavías, Eliasib, Pelaías, Acub, Johanán, Dalaías y Anani
Elioenai fueron estos siete		Acub	4	M			1 Crónicas 4		Sentencia 112: Hijos de Elioenai fueron estos siete: Hodavías, Eliasib, Pelaías, Acub, Johanán, Dalaías y Anani
Elioenai fueron estos siete		Johanán	5	M			1 Crónicas 4		Sentencia 112: Hijos de Elioenai fueron estos siete: Hodavías, Eliasib, Pelaías, Acub, Johanán, Dalaías y Anani
Elioenai fueron estos siete		Dalaías	6	M			1 Crónicas 4		Sentencia 112: Hijos de Elioenai fueron estos siete: Hodavías, Eliasib, Pelaías, Acub, Johanán, Dalaías y Anani
Elioenai fueron estos siete		Anani	7	M			1 Crónicas 4		Sentencia 112: Hijos de Elioenai fueron estos siete: Hodavías, Eliasib, Pelaías, Acub, Johanán, Dalaías y Anani
Judá		Hezrón	2	M	Padan-aram (padre)	Alabado sea Dios / Celebrado	1 Crónicas 4 [Cruces: Judá: Génesis 29:35, Cap 38, Cap 44, 49:8-12; Hebreos 7:14; Apocalipsis 5:5; Mateo 1:2-3]	Sobre el padre (Judá): Cuarto hijo de Jacob y Lea; de su línea proviene el rey David y Jesucristo (el León de la tribu de Judá).	Sentencia 113: Hijos de Judá: Fares, Hezrón, Carmi, Hur y Sobal
Judá		Carmi	3	M	Padan-aram (padre)	Alabado sea Dios / Celebrado	1 Crónicas 4 [Cruces: Judá: Génesis 29:35, Cap 38, Cap 44, 49:8-12; Hebreos 7:14; Apocalipsis 5:5; Mateo 1:2-3]	Sobre el padre (Judá): Cuarto hijo de Jacob y Lea; de su línea proviene el rey David y Jesucristo (el León de la tribu de Judá).	Sentencia 113: Hijos de Judá: Fares, Hezrón, Carmi, Hur y Sobal
Judá		Hur	4	M	Padan-aram (padre)	Alabado sea Dios / Celebrado	1 Crónicas 4 [Cruces: Judá: Génesis 29:35, Cap 38, Cap 44, 49:8-12; Hebreos 7:14; Apocalipsis 5:5; Mateo 1:2-3]	Sobre el padre (Judá): Cuarto hijo de Jacob y Lea; de su línea proviene el rey David y Jesucristo (el León de la tribu de Judá).	Sentencia 113: Hijos de Judá: Fares, Hezrón, Carmi, Hur y Sobal
Judá		Sobal	5	M	Padan-aram (padre)	Alabado sea Dios / Celebrado	1 Crónicas 4 [Cruces: Judá: Génesis 29:35, Cap 38, Cap 44, 49:8-12; Hebreos 7:14; Apocalipsis 5:5; Mateo 1:2-3]	Sobre el padre (Judá): Cuarto hijo de Jacob y Lea; de su línea proviene el rey David y Jesucristo (el León de la tribu de Judá).	Sentencia 113: Hijos de Judá: Fares, Hezrón, Carmi, Hur y Sobal
Reaía		Jahat		M			1 Crónicas 4		Sentencia 114: Reaía hijo de Sobal engendró a Jahat, y Jahat engendró a Ahumai y a Lahad
Jahat		Ahumai		M			1 Crónicas 4		Sentencia 114: Reaía hijo de Sobal engendró a Jahat, y Jahat engendró a Ahumai y a Lahad
Esta es la estirpe de Etam: Jezreel		Isma		M			1 Crónicas 4		Sentencia 116: Linaje de Esta es la estirpe de Etam: Jezreel
Isma		Ibdas	1	M			1 Crónicas 4		Sentencia 116: Hijo de Isma
Isma		nombre de	2	M			1 Crónicas 4		Sentencia 116: Hijo de Isma
Efrata		Bet		M			1 Crónicas 4		Sentencia 118: Tales fueron los hijos de Hur primogénito de Efrata, padre de Bet-Léjem
Asur		Tecoa		M			1 Crónicas 4		Sentencia 119: Asur, padre de Tecoa, tuvo dos mujeres: Hela y Naara
Asur	Naara	Ahuzam	1	M			1 Crónicas 4		Sentencia 120: Y Naara dio a luz a Ahuzam, Hefer, Temeni y Ahastari
Asur	Naara	Hefer	2	M			1 Crónicas 4		Sentencia 120: Y Naara dio a luz a Ahuzam, Hefer, Temeni y Ahastari
Asur	Naara	Temeni	3	M			1 Crónicas 4		Sentencia 120: Y Naara dio a luz a Ahuzam, Hefer, Temeni y Ahastari
Asur	Naara	Ahastari	4	M			1 Crónicas 4		Sentencia 120: Y Naara dio a luz a Ahuzam, Hefer, Temeni y Ahastari
Asur	Hela	Zeret	1	M			1 Crónicas 4		Sentencia 122: Los hijos de Hela: Zeret, Jezoar, Etnán y Cos, el cual engendró a Anub, a Zobeba, y la familia de Ah
Asur	Hela	Jezoar	2	M			1 Crónicas 4		Sentencia 122: Los hijos de Hela: Zeret, Jezoar, Etnán y Cos, el cual engendró a Anub, a Zobeba, y la familia de Ah
Asur	Hela	Etnán	3	M			1 Crónicas 4		Sentencia 122: Los hijos de Hela: Zeret, Jezoar, Etnán y Cos, el cual engendró a Anub, a Zobeba, y la familia de Ah
Asur	Hela	Cos	4	M			1 Crónicas 4		Sentencia 122: Los hijos de Hela: Zeret, Jezoar, Etnán y Cos, el cual engendró a Anub, a Zobeba, y la familia de Ah
Asur	Hela	el cual engendró a Anub	5	M			1 Crónicas 4		Sentencia 122: Los hijos de Hela: Zeret, Jezoar, Etnán y Cos, el cual engendró a Anub, a Zobeba, y la familia de Ah
Asur	Hela	a Zobeba	6	M			1 Crónicas 4		Sentencia 122: Los hijos de Hela: Zeret, Jezoar, Etnán y Cos, el cual engendró a Anub, a Zobeba, y la familia de Ah
Asur	Hela	familia de Aharhel	7	M			1 Crónicas 4		Sentencia 122: Los hijos de Hela: Zeret, Jezoar, Etnán y Cos, el cual engendró a Anub, a Zobeba, y la familia de Ah
E invocó Jabes al Elohim de Israel diciendo: ¡Oh		si me dieras bendición		M			1 Crónicas 4		Sentencia 124: Linaje de E invocó Jabes al Elohim de Israel diciendo: ¡Oh
si me dieras bendición		ensancharas mi territorio		M			1 Crónicas 4		Sentencia 124: Linaje de si me dieras bendición
ensancharas mi territorio		si tu mano estuviera conmigo		M			1 Crónicas 4		Sentencia 124: Linaje de ensancharas mi territorio
si tu mano estuviera conmigo		me libraras del mal	1	M			1 Crónicas 4		Sentencia 124: Hijo de si tu mano estuviera conmigo
si tu mano estuviera conmigo		para que no me dañe! Y Elohim le concedió lo que había pedido	2	M			1 Crónicas 4		Sentencia 124: Hijo de si tu mano estuviera conmigo
Quelub hermano de Súa		Mehir		M			1 Crónicas 4		Sentencia 125: Quelub hermano de Súa engendró a Mehir, el cual fue padre de Estón
Tehina		Ir		M			1 Crónicas 4		Sentencia 126: Y Estón engendró a Bet-Rafa, a Paseah, y a Tehina, padre de Ir-Nahas
Cenaz		Otoniel	1	M			1 Crónicas 4		Sentencia 128: Hijos de Cenaz: Otoniel y Seraías
Cenaz		Seraías	2	M			1 Crónicas 4		Sentencia 128: Hijos de Cenaz: Otoniel y Seraías
Otoniel		Hatat	1	M			1 Crónicas 4		Sentencia 129: Hijos de Otoniel: Hatat y Meonotai, el cual engendró a Ofra; y Seraías engendró a Joab, padre de los
Otoniel		Meonotai	2	M			1 Crónicas 4		Sentencia 129: Hijos de Otoniel: Hatat y Meonotai, el cual engendró a Ofra; y Seraías engendró a Joab, padre de los
Otoniel		el cual engendró a Ofra	3	M			1 Crónicas 4		Sentencia 129: Hijos de Otoniel: Hatat y Meonotai, el cual engendró a Ofra; y Seraías engendró a Joab, padre de los
Otoniel		Seraías engendró a Joab	4	M			1 Crónicas 4		Sentencia 129: Hijos de Otoniel: Hatat y Meonotai, el cual engendró a Ofra; y Seraías engendró a Joab, padre de los
Otoniel		porque fueron artesanos	5	M			1 Crónicas 4		Sentencia 129: Hijos de Otoniel: Hatat y Meonotai, el cual engendró a Ofra; y Seraías engendró a Joab, padre de los
Caleb		Iru	1	M	Egipto (padre)	Perro, audaz, impetuoso o fiel	1 Crónicas 4 [Cruces: Caleb: Números 13:6, 14:24-38; Josué 14:6-15]	Sobre el padre (Caleb): Espía fiel de la tribu de Judá que confió en Dios; recibió Hebrón como herencia por su fe.	Sentencia 130: Hijos de Caleb ben Jefone: Iru, Ela y Naam; e hijo de Ela fue Cenaz
Caleb		Ela	2	M	Egipto (padre)	Perro, audaz, impetuoso o fiel	1 Crónicas 4 [Cruces: Caleb: Números 13:6, 14:24-38; Josué 14:6-15]	Sobre el padre (Caleb): Espía fiel de la tribu de Judá que confió en Dios; recibió Hebrón como herencia por su fe.	Sentencia 130: Hijos de Caleb ben Jefone: Iru, Ela y Naam; e hijo de Ela fue Cenaz
Caleb		Naam	3	M	Egipto (padre)	Perro, audaz, impetuoso o fiel	1 Crónicas 4 [Cruces: Caleb: Números 13:6, 14:24-38; Josué 14:6-15]	Sobre el padre (Caleb): Espía fiel de la tribu de Judá que confió en Dios; recibió Hebrón como herencia por su fe.	Sentencia 130: Hijos de Caleb ben Jefone: Iru, Ela y Naam; e hijo de Ela fue Cenaz
Caleb		Ela fue Cenaz	4	M	Egipto (padre)	Perro, audaz, impetuoso o fiel	1 Crónicas 4 [Cruces: Caleb: Números 13:6, 14:24-38; Josué 14:6-15]	Sobre el padre (Caleb): Espía fiel de la tribu de Judá que confió en Dios; recibió Hebrón como herencia por su fe.	Sentencia 130: Hijos de Caleb ben Jefone: Iru, Ela y Naam; e hijo de Ela fue Cenaz
Esdras		Jeter	1	M			1 Crónicas 4		Sentencia 132: Hijos de Esdras: Jeter, Mered, Efer y Jalón
Esdras		Mered	2	M			1 Crónicas 4		Sentencia 132: Hijos de Esdras: Jeter, Mered, Efer y Jalón
Esdras		Efer	3	M			1 Crónicas 4		Sentencia 132: Hijos de Esdras: Jeter, Mered, Efer y Jalón
Esdras		Jalón	4	M			1 Crónicas 4		Sentencia 132: Hijos de Esdras: Jeter, Mered, Efer y Jalón
Isba		Estemoa		M			1 Crónicas 5		Sentencia 133: Y ella concibió a Miriam, a Samai y a Isba, padre de Estemoa
Isba	Jehudaía	Jered	1	M			1 Crónicas 5		Sentencia 134: Y su mujer Jehudaía dio a luz a Jered padre de Gedor, a Heber padre de Soco y a Jecutiel padre de Za
Simón		Amnón	1	M			1 Crónicas 5		Sentencia 137: Hijos de Simón: Amnón, Rina, Ben-Hanán y Tilón
Simón		Rina	2	M			1 Crónicas 5		Sentencia 137: Hijos de Simón: Amnón, Rina, Ben-Hanán y Tilón
Simón		Tilón	3	M			1 Crónicas 5		Sentencia 137: Hijos de Simón: Amnón, Rina, Ben-Hanán y Tilón
Isi		Zohet	1	M			1 Crónicas 5		Sentencia 138: Hijos de Isi: Zohet y Benzohet
Isi		Benzohet	2	M			1 Crónicas 5		Sentencia 138: Hijos de Isi: Zohet y Benzohet
Sela		Er	1	M			1 Crónicas 5		Sentencia 139: Hijos de Sela ben Judá: Er, padre de Leca, y Laada, padre de Maresa, y las familias de los que traba
Sela		Laada	2	M			1 Crónicas 5		Sentencia 139: Hijos de Sela ben Judá: Er, padre de Leca, y Laada, padre de Maresa, y las familias de los que traba
Sela		familias de los que trabajan lino en Bet-Asbea	3	M			1 Crónicas 5		Sentencia 139: Hijos de Sela ben Judá: Er, padre de Leca, y Laada, padre de Maresa, y las familias de los que traba
Sela		Joacim	4	M			1 Crónicas 5		Sentencia 139: Hijos de Sela ben Judá: Er, padre de Leca, y Laada, padre de Maresa, y las familias de los que traba
Sela		varones de Cozeba	5	M			1 Crónicas 5		Sentencia 139: Hijos de Sela ben Judá: Er, padre de Leca, y Laada, padre de Maresa, y las familias de los que traba
Sela		Joás	6	M			1 Crónicas 5		Sentencia 139: Hijos de Sela ben Judá: Er, padre de Leca, y Laada, padre de Maresa, y las familias de los que traba
Sela		Saraf	7	M			1 Crónicas 5		Sentencia 139: Hijos de Sela ben Judá: Er, padre de Leca, y Laada, padre de Maresa, y las familias de los que traba
Sela		los cuales dominaron en Moab	8	M			1 Crónicas 5		Sentencia 139: Hijos de Sela ben Judá: Er, padre de Leca, y Laada, padre de Maresa, y las familias de los que traba
Sela		volvieron a Léhem	9	M			1 Crónicas 5		Sentencia 139: Hijos de Sela ben Judá: Er, padre de Leca, y Laada, padre de Maresa, y las familias de los que traba
Sela		según registros  antiguos	10	M			1 Crónicas 5		Sentencia 139: Hijos de Sela ben Judá: Er, padre de Leca, y Laada, padre de Maresa, y las familias de los que traba
Estos eran alfareros		habitaban en medio de plantíos		M			1 Crónicas 5		Sentencia 140: Linaje de Estos eran alfareros
habitaban en medio de plantíos		cercados		M			1 Crónicas 5		Sentencia 140: Linaje de habitaban en medio de plantíos
cercados		cerca del rey	1	M			1 Crónicas 5		Sentencia 140: Hijo de cercados
cercados		ocupados en su servicio	2	M			1 Crónicas 5		Sentencia 140: Hijo de cercados
Simeón		Nemuel	1	M	Padan-aram (padre)	Dios ha oído	1 Crónicas 5 [Cruces: Simeón: Génesis 29:33, 34:25-30, 49:5-7]	Sobre el padre (Simeón): Segundo hijo de Jacob y Lea; lideró la venganza contra Siquem junto a Leví.	Sentencia 141: Hijos de Simeón: Nemuel, Jamín, Jarib, Zera, Saúl, y Salum su hijo, Mibsam su hijo y Misma su hijo
Simeón		Jamín	2	M	Padan-aram (padre)	Dios ha oído	1 Crónicas 5 [Cruces: Simeón: Génesis 29:33, 34:25-30, 49:5-7]	Sobre el padre (Simeón): Segundo hijo de Jacob y Lea; lideró la venganza contra Siquem junto a Leví.	Sentencia 141: Hijos de Simeón: Nemuel, Jamín, Jarib, Zera, Saúl, y Salum su hijo, Mibsam su hijo y Misma su hijo
Simeón		Jarib	3	M	Padan-aram (padre)	Dios ha oído	1 Crónicas 5 [Cruces: Simeón: Génesis 29:33, 34:25-30, 49:5-7]	Sobre el padre (Simeón): Segundo hijo de Jacob y Lea; lideró la venganza contra Siquem junto a Leví.	Sentencia 141: Hijos de Simeón: Nemuel, Jamín, Jarib, Zera, Saúl, y Salum su hijo, Mibsam su hijo y Misma su hijo
Simeón		Zera	4	M	Padan-aram (padre)	Dios ha oído	1 Crónicas 5 [Cruces: Simeón: Génesis 29:33, 34:25-30, 49:5-7]	Sobre el padre (Simeón): Segundo hijo de Jacob y Lea; lideró la venganza contra Siquem junto a Leví.	Sentencia 141: Hijos de Simeón: Nemuel, Jamín, Jarib, Zera, Saúl, y Salum su hijo, Mibsam su hijo y Misma su hijo
Simeón		Saúl	5	M	Padan-aram (padre)	Dios ha oído	1 Crónicas 5 [Cruces: Simeón: Génesis 29:33, 34:25-30, 49:5-7]	Sobre el padre (Simeón): Segundo hijo de Jacob y Lea; lideró la venganza contra Siquem junto a Leví.	Sentencia 141: Hijos de Simeón: Nemuel, Jamín, Jarib, Zera, Saúl, y Salum su hijo, Mibsam su hijo y Misma su hijo
Simeón		Salum su	6	M	Padan-aram (padre)	Dios ha oído	1 Crónicas 5 [Cruces: Simeón: Génesis 29:33, 34:25-30, 49:5-7]	Sobre el padre (Simeón): Segundo hijo de Jacob y Lea; lideró la venganza contra Siquem junto a Leví.	Sentencia 141: Hijos de Simeón: Nemuel, Jamín, Jarib, Zera, Saúl, y Salum su hijo, Mibsam su hijo y Misma su hijo
Simeón		Mibsam su	7	M	Padan-aram (padre)	Dios ha oído	1 Crónicas 5 [Cruces: Simeón: Génesis 29:33, 34:25-30, 49:5-7]	Sobre el padre (Simeón): Segundo hijo de Jacob y Lea; lideró la venganza contra Siquem junto a Leví.	Sentencia 141: Hijos de Simeón: Nemuel, Jamín, Jarib, Zera, Saúl, y Salum su hijo, Mibsam su hijo y Misma su hijo
Simeón		Misma su	8	M	Padan-aram (padre)	Dios ha oído	1 Crónicas 5 [Cruces: Simeón: Génesis 29:33, 34:25-30, 49:5-7]	Sobre el padre (Simeón): Segundo hijo de Jacob y Lea; lideró la venganza contra Siquem junto a Leví.	Sentencia 141: Hijos de Simeón: Nemuel, Jamín, Jarib, Zera, Saúl, y Salum su hijo, Mibsam su hijo y Misma su hijo
Misma		Hamuel su	1	M			1 Crónicas 5		Sentencia 142: Hijos de Misma: Hamuel su hijo, Zacur su hijo, y Simei su hijo
Misma		Zacur su	2	M			1 Crónicas 5		Sentencia 142: Hijos de Misma: Hamuel su hijo, Zacur su hijo, y Simei su hijo
Misma		Simei su	3	M			1 Crónicas 5		Sentencia 142: Hijos de Misma: Hamuel su hijo, Zacur su hijo, y Simei su hijo
Estas son las moradas de ellos		su genealogía	1	M			1 Crónicas 5		Sentencia 146: Hijo de Estas son las moradas de ellos
llegaron hasta la entrada de Gedor hasta el oriente del valle		en busca de pastos para sus ganados	1	M			1 Crónicas 5		Sentencia 149: Hijo de llegaron hasta la entrada de Gedor hasta el oriente del valle
hallaron pastos buenos		abundantes		M			1 Crónicas 5		Sentencia 150: Linaje de hallaron pastos buenos
abundantes		tierra era muy espaciosa		M			1 Crónicas 5		Sentencia 150: Linaje de abundantes
tierra era muy espaciosa		tranquila		M			1 Crónicas 5		Sentencia 150: Linaje de tierra era muy espaciosa
tranquila		apacible	1	M			1 Crónicas 5		Sentencia 150: Hijo de tranquila
tranquila		porque los de Cam la habían habitado anteriormente	2	M			1 Crónicas 5		Sentencia 150: Hijo de tranquila
estos que han sido escritos por sus nombres		vinieron en días de Ezequías rey de Judá		M			1 Crónicas 5		Sentencia 151: Linaje de estos que han sido escritos por sus nombres
vinieron en días de Ezequías rey de Judá		destruyeron las tiendas		M			1 Crónicas 5		Sentencia 151: Linaje de vinieron en días de Ezequías rey de Judá
destruyeron las tiendas		cabañas que hallaron allí		M			1 Crónicas 5		Sentencia 151: Linaje de destruyeron las tiendas
cabañas que hallaron allí		dedicaron al exterminio hasta hoy		M			1 Crónicas 5		Sentencia 151: Linaje de cabañas que hallaron allí
dedicaron al exterminio hasta hoy		habitaron allí en lugar de ellos	1	M			1 Crónicas 5		Sentencia 151: Hijo de dedicaron al exterminio hasta hoy
dedicaron al exterminio hasta hoy		por cuanto allí había pastos para sus ganados	2	M			1 Crónicas 5		Sentencia 151: Hijo de dedicaron al exterminio hasta hoy
Joel		Semaías su	1	M			1 Crónicas 6		Sentencia 155: Hijos de Joel: Semaías su hijo, Gog su hijo, Simei su hijo, Micaía su hijo, Reaía su hijo, Baal su h
Joel		Gog su	2	M			1 Crónicas 6		Sentencia 155: Hijos de Joel: Semaías su hijo, Gog su hijo, Simei su hijo, Micaía su hijo, Reaía su hijo, Baal su h
Joel		Simei su	3	M			1 Crónicas 6		Sentencia 155: Hijos de Joel: Semaías su hijo, Gog su hijo, Simei su hijo, Micaía su hijo, Reaía su hijo, Baal su h
Joel		Micaía su	4	M			1 Crónicas 6		Sentencia 155: Hijos de Joel: Semaías su hijo, Gog su hijo, Simei su hijo, Micaía su hijo, Reaía su hijo, Baal su h
Joel		Reaía su	5	M			1 Crónicas 6		Sentencia 155: Hijos de Joel: Semaías su hijo, Gog su hijo, Simei su hijo, Micaía su hijo, Reaía su hijo, Baal su h
Joel		Baal su	6	M			1 Crónicas 6		Sentencia 155: Hijos de Joel: Semaías su hijo, Gog su hijo, Simei su hijo, Micaía su hijo, Reaía su hijo, Baal su h
Joel		Beera	7	M			1 Crónicas 6		Sentencia 155: Hijos de Joel: Semaías su hijo, Gog su hijo, Simei su hijo, Micaía su hijo, Reaía su hijo, Baal su h
Joel		quien fue transportado por Tiglat-Pileser rey de Asiria	8	M			1 Crónicas 6		Sentencia 155: Hijos de Joel: Semaías su hijo, Gog su hijo, Simei su hijo, Micaía su hijo, Reaía su hijo, Baal su h
Joel		fue príncipe de los rubenitas	9	M			1 Crónicas 6		Sentencia 155: Hijos de Joel: Semaías su hijo, Gog su hijo, Simei su hijo, Micaía su hijo, Reaía su hijo, Baal su h
Habitó también desde el oriente hasta la entrada del desierto		desde el río Éufrates		M			1 Crónicas 6		Sentencia 158: Habitó también desde el oriente hasta la entrada del desierto es padre de desde el río Éufrates
desde el río Éufrates		porque tenía mucho ganado en la tierra de Galaad		M			1 Crónicas 6		Sentencia 158: desde el río Éufrates es padre de porque tenía mucho ganado en la tierra de Galaad
Pero en tiempo de Saúl hicieron guerra contra los agarenos		los cuales cayeron en su mano	1	M			1 Crónicas 6		Sentencia 159: Hijo de Pero en tiempo de Saúl hicieron guerra contra los agarenos
Pero en tiempo de Saúl hicieron guerra contra los agarenos		ellos habitaron en sus tiendas en toda la región oriental de Galaad	2	M			1 Crónicas 6		Sentencia 159: Hijo de Pero en tiempo de Saúl hicieron guerra contra los agarenos
habitaron en Galaad		en Basán		M			1 Crónicas 6		Sentencia 165: Linaje de habitaron en Galaad
en Basán		en sus aldeas	1	M			1 Crónicas 6		Sentencia 165: Hijo de en Basán
en Basán		en todos los ejidos de Sarón  hasta sus confines	2	M			1 Crónicas 6		Sentencia 165: Hijo de en Basán
Estos tuvieron guerra contra los agarenos		Jetur		M			1 Crónicas 6		Sentencia 168: Linaje de Estos tuvieron guerra contra los agarenos
Jetur		Nafis	1	M			1 Crónicas 6		Sentencia 168: Hijo de Jetur
Jetur		Nodab	2	M			1 Crónicas 6		Sentencia 168: Hijo de Jetur
tomaron sus ganados: cincuenta mil camellos		doscientas cincuenta mil ovejas		M			1 Crónicas 6		Sentencia 170: Linaje de tomaron sus ganados: cincuenta mil camellos
doscientas cincuenta mil ovejas		dos mil asnos	1	M			1 Crónicas 6		Sentencia 170: Hijo de doscientas cincuenta mil ovejas
doscientas cincuenta mil ovejas		además de cien mil personas	2	M			1 Crónicas 6		Sentencia 170: Hijo de doscientas cincuenta mil ovejas
Muchos		pues		M			1 Crónicas 6		Sentencia 171: Muchos es padre de pues
pues		cayeron muertos		M			1 Crónicas 6		Sentencia 171: pues es padre de cayeron muertos
cayeron muertos		porque la batalla era de Ha-Elohim		M			1 Crónicas 6		Sentencia 171: cayeron muertos es padre de porque la batalla era de Ha-Elohim
Estos son los jefes de las casas de sus padres: Efer		Isi		M			1 Crónicas 6		Sentencia 174: Linaje de Estos son los jefes de las casas de sus padres: Efer
Isi		Eliel		M			1 Crónicas 6		Sentencia 174: Linaje de Isi
Eliel		Azriel		M			1 Crónicas 6		Sentencia 174: Linaje de Eliel
Azriel		Jeremías		M			1 Crónicas 6		Sentencia 174: Linaje de Azriel
Jeremías		Hodavías		M			1 Crónicas 6		Sentencia 174: Linaje de Jeremías
Hodavías		Jahdiel		M			1 Crónicas 6		Sentencia 174: Linaje de Hodavías
Jahdiel		hombres valientes		M			1 Crónicas 6		Sentencia 174: Linaje de Jahdiel
hombres valientes		esforzados		M			1 Crónicas 6		Sentencia 174: Linaje de hombres valientes
esforzados		varones de renombre	1	M			1 Crónicas 6		Sentencia 174: Hijo de esforzados
esforzados		jefes de las casas de sus padres	2	M			1 Crónicas 6		Sentencia 174: Hijo de esforzados
Pero se rebelaron contra el Elohim de sus padres		se prostituyeron siguiendo a los dioses de los pueblos de la tierra	1	M			1 Crónicas 6		Sentencia 175: Hijo de Pero se rebelaron contra el Elohim de sus padres
Pero se rebelaron contra el Elohim de sus padres		a los cuales YHVH había quitado de delante de ellos	2	M			1 Crónicas 6		Sentencia 175: Hijo de Pero se rebelaron contra el Elohim de sus padres
Por lo cual el Elohim de Israel excitó el espíritu de Pul		rey de Asiria		M			1 Crónicas 6		Sentencia 176: Linaje de Por lo cual el Elohim de Israel excitó el espíritu de Pul
rey de Asiria		espíritu de Tiglat-Pileser		M			1 Crónicas 6		Sentencia 176: Linaje de rey de Asiria
espíritu de Tiglat-Pileser		rey de Asiria		M			1 Crónicas 6		Sentencia 176: Linaje de espíritu de Tiglat-Pileser
rey de Asiria		el cual transportó a los rubenitas		M			1 Crónicas 6		Sentencia 176: Linaje de rey de Asiria
el cual transportó a los rubenitas		gaditas		M			1 Crónicas 6		Sentencia 176: Linaje de el cual transportó a los rubenitas
gaditas		la media tribu de Manasés		M			1 Crónicas 6		Sentencia 176: Linaje de gaditas
la media tribu de Manasés		llevó a Halah		M			1 Crónicas 6		Sentencia 176: Linaje de la media tribu de Manasés
llevó a Halah		a Habor		M			1 Crónicas 6		Sentencia 176: Linaje de llevó a Halah
a Habor		río Gozán	1	M			1 Crónicas 6		Sentencia 176: Hijo de a Habor
a Habor		hasta hoy	2	M			1 Crónicas 6		Sentencia 176: Hijo de a Habor
Leví		Gersón	1	M	Padan-aram (padre)	Unido, asociado o de mi mano	1 Crónicas 6 [Cruces: Leví: Génesis 29:34, 49:5-7; Éxodo 2; Hebreos 7]	Sobre el padre (Leví): Tercer hijo de Jacob y Lea; su descendencia fue apartada exclusivamente para el servicio del templo.	Sentencia 177: Hijos de Leví: Gersón, Coat y Merari
Leví		Coat	2	M	Padan-aram (padre)	Unido, asociado o de mi mano	1 Crónicas 6 [Cruces: Leví: Génesis 29:34, 49:5-7; Éxodo 2; Hebreos 7]	Sobre el padre (Leví): Tercer hijo de Jacob y Lea; su descendencia fue apartada exclusivamente para el servicio del templo.	Sentencia 177: Hijos de Leví: Gersón, Coat y Merari
Leví		Merari	3	M	Padan-aram (padre)	Unido, asociado o de mi mano	1 Crónicas 6 [Cruces: Leví: Génesis 29:34, 49:5-7; Éxodo 2; Hebreos 7]	Sobre el padre (Leví): Tercer hijo de Jacob y Lea; su descendencia fue apartada exclusivamente para el servicio del templo.	Sentencia 177: Hijos de Leví: Gersón, Coat y Merari
Coat		Amram	1	M			1 Crónicas 6		Sentencia 178: Hijos de Coat: Amram, Izhar, Hebrón y Uziel
Coat		Izhar	2	M			1 Crónicas 6		Sentencia 178: Hijos de Coat: Amram, Izhar, Hebrón y Uziel
Coat		Hebrón	3	M			1 Crónicas 6		Sentencia 178: Hijos de Coat: Amram, Izhar, Hebrón y Uziel
Coat		Uziel	4	M			1 Crónicas 6		Sentencia 178: Hijos de Coat: Amram, Izhar, Hebrón y Uziel
Amram		Aarón	1	M	Egipto		1 Crónicas 6 [Cruces: Aarón: Éxodo 4 a 40; Levítico 8; Números 20:22-29; Hebreos 5:4]	Sobre el hijo (Aarón): Hermano mayor de Moisés y primer Sumo Sacerdote consagrado de Israel.	Sentencia 179: Hijos de Amram: Aarón, Moisés y Miriam
Amram		Moisés	2	M	Egipto (Gosén)		1 Crónicas 6 [Cruces: Moisés: Libros de Éxodo a Deuteronomio; Hebreos 11:23-29; Mateo 17:3; Juan 1:17]	Sobre el hijo (Moisés): Profeta y libertador de Israel; condujo el Éxodo a través del Mar Rojo y recibió la Ley en el Sinaí.	Sentencia 179: Hijos de Amram: Aarón, Moisés y Miriam
Amram		Miriam	3	M	Egipto		1 Crónicas 6 [Cruces: Miriam: Éxodo 2:4-10, 15:20-21; Números 12; Miqueas 6:4]	Sobre el hijo (Miriam): Hermana mayor de Moisés y Aarón; profetisa que lideró el canto de victoria en el cruce del Mar Rojo.	Sentencia 179: Hijos de Amram: Aarón, Moisés y Miriam
Aarón		Nadab	1	M	Egipto (padre)	Montañés, excelso o ilustre	1 Crónicas 6 [Cruces: Aarón: Éxodo 4 a 40; Levítico 8; Números 20:22-29; Hebreos 5:4]	Sobre el padre (Aarón): Hermano mayor de Moisés y primer Sumo Sacerdote consagrado de Israel.	Sentencia 180: Hijos de Aarón: Nadab, Abiú, Eleazar e Itamar
Aarón		Abiú	2	M	Egipto (padre)	Montañés, excelso o ilustre	1 Crónicas 6 [Cruces: Aarón: Éxodo 4 a 40; Levítico 8; Números 20:22-29; Hebreos 5:4]	Sobre el padre (Aarón): Hermano mayor de Moisés y primer Sumo Sacerdote consagrado de Israel.	Sentencia 180: Hijos de Aarón: Nadab, Abiú, Eleazar e Itamar
Aarón		Eleazar	3	M	Egipto (padre)	Montañés, excelso o ilustre	1 Crónicas 6 [Cruces: Aarón: Éxodo 4 a 40; Levítico 8; Números 20:22-29; Hebreos 5:4]	Sobre el padre (Aarón): Hermano mayor de Moisés y primer Sumo Sacerdote consagrado de Israel.	Sentencia 180: Hijos de Aarón: Nadab, Abiú, Eleazar e Itamar
Aarón		Itamar	4	M	Egipto (padre)	Montañés, excelso o ilustre	1 Crónicas 6 [Cruces: Aarón: Éxodo 4 a 40; Levítico 8; Números 20:22-29; Hebreos 5:4]	Sobre el padre (Aarón): Hermano mayor de Moisés y primer Sumo Sacerdote consagrado de Israel.	Sentencia 180: Hijos de Aarón: Nadab, Abiú, Eleazar e Itamar
Eleazar		Finees		M			1 Crónicas 6		Sentencia 181: Eleazar engendró a Finees, Finees engendró a Abisúa, Abisúa engendró a Buqui, Buqui engendró a Uzi, 
Finees		Abisúa		M			1 Crónicas 6		Sentencia 181: Eleazar engendró a Finees, Finees engendró a Abisúa, Abisúa engendró a Buqui, Buqui engendró a Uzi, 
Abisúa		Buqui		M			1 Crónicas 6		Sentencia 181: Eleazar engendró a Finees, Finees engendró a Abisúa, Abisúa engendró a Buqui, Buqui engendró a Uzi, 
Buqui		Uzi		M			1 Crónicas 6		Sentencia 181: Eleazar engendró a Finees, Finees engendró a Abisúa, Abisúa engendró a Buqui, Buqui engendró a Uzi, 
Uzi		Zeraías		M			1 Crónicas 6		Sentencia 181: Eleazar engendró a Finees, Finees engendró a Abisúa, Abisúa engendró a Buqui, Buqui engendró a Uzi, 
Zeraías		Meraiot		M			1 Crónicas 6		Sentencia 181: Eleazar engendró a Finees, Finees engendró a Abisúa, Abisúa engendró a Buqui, Buqui engendró a Uzi, 
Meraiot		Amarías		M			1 Crónicas 6		Sentencia 181: Eleazar engendró a Finees, Finees engendró a Abisúa, Abisúa engendró a Buqui, Buqui engendró a Uzi, 
Amarías		Ahitob		M			1 Crónicas 6		Sentencia 181: Eleazar engendró a Finees, Finees engendró a Abisúa, Abisúa engendró a Buqui, Buqui engendró a Uzi, 
Ahitob		Sadoc		M			1 Crónicas 6		Sentencia 181: Eleazar engendró a Finees, Finees engendró a Abisúa, Abisúa engendró a Buqui, Buqui engendró a Uzi, 
Sadoc		Ahimaas		M			1 Crónicas 6		Sentencia 181: Eleazar engendró a Finees, Finees engendró a Abisúa, Abisúa engendró a Buqui, Buqui engendró a Uzi, 
Ahimaas		Azarías		M			1 Crónicas 6		Sentencia 181: Eleazar engendró a Finees, Finees engendró a Abisúa, Abisúa engendró a Buqui, Buqui engendró a Uzi, 
Azarías		Johanán		M			1 Crónicas 6		Sentencia 181: Eleazar engendró a Finees, Finees engendró a Abisúa, Abisúa engendró a Buqui, Buqui engendró a Uzi, 
Johanán		Azarías		M			1 Crónicas 6		Sentencia 181: Eleazar engendró a Finees, Finees engendró a Abisúa, Abisúa engendró a Buqui, Buqui engendró a Uzi, 
Azarías		Amarías		M			1 Crónicas 6		Sentencia 182: Azarías engendró a Amarías, Amarías engendró a Ahitob, Ahitob engendró a Sadoc, Sadoc engendró a Sal
Sadoc		Salum		M			1 Crónicas 6		Sentencia 182: Azarías engendró a Amarías, Amarías engendró a Ahitob, Ahitob engendró a Sadoc, Sadoc engendró a Sal
Salum		Hilcías		M			1 Crónicas 6		Sentencia 182: Azarías engendró a Amarías, Amarías engendró a Ahitob, Ahitob engendró a Sadoc, Sadoc engendró a Sal
Hilcías		Azarías		M			1 Crónicas 6		Sentencia 182: Azarías engendró a Amarías, Amarías engendró a Ahitob, Ahitob engendró a Sadoc, Sadoc engendró a Sal
Azarías		Seraías		M			1 Crónicas 6		Sentencia 182: Azarías engendró a Amarías, Amarías engendró a Ahitob, Ahitob engendró a Sadoc, Sadoc engendró a Sal
Seraías		Josadac		M			1 Crónicas 6		Sentencia 182: Azarías engendró a Amarías, Amarías engendró a Ahitob, Ahitob engendró a Sadoc, Sadoc engendró a Sal
Gersón		Libni	1	M			1 Crónicas 6		Sentencia 185: Y estos son los nombres de los hijos de Gersón: Libni y Simei
Gersón		Simei	2	M			1 Crónicas 6		Sentencia 185: Y estos son los nombres de los hijos de Gersón: Libni y Simei
Merari		Mahli	1	M			1 Crónicas 6		Sentencia 187: Hijos de Merari: Mahli y Musi
Merari		Musi	2	M			1 Crónicas 6		Sentencia 187: Hijos de Merari: Mahli y Musi
Leví según sus descendencias		Gersón: Libni su	1	M			1 Crónicas 6		Sentencia 188: Estas son las familias de Leví según sus descendencias: Gersón: Libni su hijo, Jahat su hijo, Zima s
Leví según sus descendencias		Jahat su	2	M			1 Crónicas 6		Sentencia 188: Estas son las familias de Leví según sus descendencias: Gersón: Libni su hijo, Jahat su hijo, Zima s
Leví según sus descendencias		Zima su	3	M			1 Crónicas 6		Sentencia 188: Estas son las familias de Leví según sus descendencias: Gersón: Libni su hijo, Jahat su hijo, Zima s
Leví según sus descendencias		Joa su	4	M			1 Crónicas 6		Sentencia 188: Estas son las familias de Leví según sus descendencias: Gersón: Libni su hijo, Jahat su hijo, Zima s
Leví según sus descendencias		Iddo su	5	M			1 Crónicas 6		Sentencia 188: Estas son las familias de Leví según sus descendencias: Gersón: Libni su hijo, Jahat su hijo, Zima s
Leví según sus descendencias		Zera su	6	M			1 Crónicas 6		Sentencia 188: Estas son las familias de Leví según sus descendencias: Gersón: Libni su hijo, Jahat su hijo, Zima s
Leví según sus descendencias		Jeatrai su	7	M			1 Crónicas 6		Sentencia 188: Estas son las familias de Leví según sus descendencias: Gersón: Libni su hijo, Jahat su hijo, Zima s
Coat		Aminadab su	1	M			1 Crónicas 6		Sentencia 189: Hijos de Coat: Aminadab su hijo, Coré su hijo, Asir su hijo, Elcana su hijo, Ebiasaf su hijo, Asir s
Coat		Coré su	2	M			1 Crónicas 6		Sentencia 189: Hijos de Coat: Aminadab su hijo, Coré su hijo, Asir su hijo, Elcana su hijo, Ebiasaf su hijo, Asir s
Coat		Asir su	3	M			1 Crónicas 6		Sentencia 189: Hijos de Coat: Aminadab su hijo, Coré su hijo, Asir su hijo, Elcana su hijo, Ebiasaf su hijo, Asir s
Coat		Elcana su	4	M			1 Crónicas 6		Sentencia 189: Hijos de Coat: Aminadab su hijo, Coré su hijo, Asir su hijo, Elcana su hijo, Ebiasaf su hijo, Asir s
Coat		Ebiasaf su	5	M			1 Crónicas 6		Sentencia 189: Hijos de Coat: Aminadab su hijo, Coré su hijo, Asir su hijo, Elcana su hijo, Ebiasaf su hijo, Asir s
Coat		Tahat su	7	M			1 Crónicas 6		Sentencia 189: Hijos de Coat: Aminadab su hijo, Coré su hijo, Asir su hijo, Elcana su hijo, Ebiasaf su hijo, Asir s
Coat		Uriel su	8	M			1 Crónicas 6		Sentencia 189: Hijos de Coat: Aminadab su hijo, Coré su hijo, Asir su hijo, Elcana su hijo, Ebiasaf su hijo, Asir s
Coat		Uzías su	9	M			1 Crónicas 6		Sentencia 189: Hijos de Coat: Aminadab su hijo, Coré su hijo, Asir su hijo, Elcana su hijo, Ebiasaf su hijo, Asir s
Coat		Saúl su	10	M			1 Crónicas 6		Sentencia 189: Hijos de Coat: Aminadab su hijo, Coré su hijo, Asir su hijo, Elcana su hijo, Ebiasaf su hijo, Asir s
Elcana		Amasai	1	M			1 Crónicas 6		Sentencia 190: Hijos de Elcana: Amasai y Ahimot, padre de Elcana, padre de Zofai, padre  de Nahat, padre de Eliab, 
Elcana		Ahimot	2	M			1 Crónicas 6		Sentencia 190: Hijos de Elcana: Amasai y Ahimot, padre de Elcana, padre de Zofai, padre  de Nahat, padre de Eliab, 
Samuel		Joel  el	1	M			1 Crónicas 6		Sentencia 191: Hijos de Samuel: Joel  el primogénito, y Abías el segundo
Samuel		Abías el	2	M			1 Crónicas 6		Sentencia 191: Hijos de Samuel: Joel  el primogénito, y Abías el segundo
Merari		Libni su	2	M			1 Crónicas 6		Sentencia 192: Hijos de Merari: Mahli, Libni su hijo, Simei su hijo, Uza su hijo, Simea su hijo, Haguía su hijo, As
Merari		Simei su	3	M			1 Crónicas 6		Sentencia 192: Hijos de Merari: Mahli, Libni su hijo, Simei su hijo, Uza su hijo, Simea su hijo, Haguía su hijo, As
Merari		Uza su	4	M			1 Crónicas 6		Sentencia 192: Hijos de Merari: Mahli, Libni su hijo, Simei su hijo, Uza su hijo, Simea su hijo, Haguía su hijo, As
Merari		Simea su	5	M			1 Crónicas 6		Sentencia 192: Hijos de Merari: Mahli, Libni su hijo, Simei su hijo, Uza su hijo, Simea su hijo, Haguía su hijo, As
Merari		Haguía su	6	M			1 Crónicas 6		Sentencia 192: Hijos de Merari: Mahli, Libni su hijo, Simei su hijo, Uza su hijo, Simea su hijo, Haguía su hijo, As
Merari		Asaías su	7	M			1 Crónicas 6		Sentencia 192: Hijos de Merari: Mahli, Libni su hijo, Simei su hijo, Uza su hijo, Simea su hijo, Haguía su hijo, As
Estos son los que David puso sobre las manos del canto  en la Casa de YHVH desde que el arca había descansado allí		los cuales servían delante de la tienda del tabernáculo de reunión en el canto		M			1 Crónicas 6		Sentencia 193: Estos son los que David puso sobre las manos del canto  en la Casa de YHVH desde que el arca había descansado allí es padre de los cuales servían delante de la tienda del tabernáculo de reunión en el canto
los cuales servían delante de la tienda del tabernáculo de reunión en el canto		hasta que Salomón edificó la Casa de YHVH en Jerusalén; después estuvieron en su oficio según su costumbre		M			1 Crónicas 6		Sentencia 193: los cuales servían delante de la tienda del tabernáculo de reunión en el canto es padre de hasta que Salomón edificó la Casa de YHVH en Jerusalén; después estuvieron en su oficio según su costumbre
Aarón son estos		Eleazar su	1	M			1 Crónicas 6		Sentencia 198: Los hijos de Aarón son estos: Eleazar su hijo, Finees su hijo, Abisúa su hijo, Buqui su hijo, Uzi su
Aarón son estos		Finees su	2	M			1 Crónicas 6		Sentencia 198: Los hijos de Aarón son estos: Eleazar su hijo, Finees su hijo, Abisúa su hijo, Buqui su hijo, Uzi su
Aarón son estos		Abisúa su	3	M			1 Crónicas 6		Sentencia 198: Los hijos de Aarón son estos: Eleazar su hijo, Finees su hijo, Abisúa su hijo, Buqui su hijo, Uzi su
Aarón son estos		Buqui su	4	M			1 Crónicas 6		Sentencia 198: Los hijos de Aarón son estos: Eleazar su hijo, Finees su hijo, Abisúa su hijo, Buqui su hijo, Uzi su
Aarón son estos		Uzi su	5	M			1 Crónicas 6		Sentencia 198: Los hijos de Aarón son estos: Eleazar su hijo, Finees su hijo, Abisúa su hijo, Buqui su hijo, Uzi su
Aarón son estos		Zeraías su	6	M			1 Crónicas 6		Sentencia 198: Los hijos de Aarón son estos: Eleazar su hijo, Finees su hijo, Abisúa su hijo, Buqui su hijo, Uzi su
Aarón son estos		Meraiot su	7	M			1 Crónicas 6		Sentencia 198: Los hijos de Aarón son estos: Eleazar su hijo, Finees su hijo, Abisúa su hijo, Buqui su hijo, Uzi su
Aarón son estos		Amarías su	8	M			1 Crónicas 6		Sentencia 198: Los hijos de Aarón son estos: Eleazar su hijo, Finees su hijo, Abisúa su hijo, Buqui su hijo, Uzi su
Aarón son estos		Ahitob su	9	M			1 Crónicas 6		Sentencia 198: Los hijos de Aarón son estos: Eleazar su hijo, Finees su hijo, Abisúa su hijo, Buqui su hijo, Uzi su
Aarón son estos		Sadoc su	10	M			1 Crónicas 6		Sentencia 198: Los hijos de Aarón son estos: Eleazar su hijo, Finees su hijo, Abisúa su hijo, Buqui su hijo, Uzi su
Aarón son estos		Ahimaas su	11	M			1 Crónicas 6		Sentencia 198: Los hijos de Aarón son estos: Eleazar su hijo, Finees su hijo, Abisúa su hijo, Buqui su hijo, Uzi su
Les dieron pues		Hebrón		M			1 Crónicas 6		Sentencia 200: Linaje de Les dieron pues
Hebrón		en tierra de Judá	1	M			1 Crónicas 6		Sentencia 200: Hijo de Hebrón
Hebrón		sus ejidos alrededor de ella	2	M			1 Crónicas 6		Sentencia 200: Hijo de Hebrón
Pero el territorio de la ciudad		sus aldeas se dieron a Caleb	1	M			1 Crónicas 6		Sentencia 201: Hijo de Pero el territorio de la ciudad
de la tribu de Benjamín: Geba con sus ejidos		Alemet con sus ejidos	1	M			1 Crónicas 6		Sentencia 203: Hijo de de la tribu de Benjamín: Geba con sus ejidos
de la tribu de Benjamín: Geba con sus ejidos		Anatot con sus ejidos	2	M			1 Crónicas 6		Sentencia 203: Hijo de de la tribu de Benjamín: Geba con sus ejidos
la tribu de Isacar: Cedes con sus ejidos		Daberat con sus ejidos		M			1 Crónicas 6		Sentencia 213: Linaje de la tribu de Isacar: Cedes con sus ejidos
Daberat con sus ejidos		Ramot con sus ejidos	1	M			1 Crónicas 6		Sentencia 213: Hijo de Daberat con sus ejidos
Daberat con sus ejidos		Anem con sus ejidos	2	M			1 Crónicas 6		Sentencia 213: Hijo de Daberat con sus ejidos
la tribu de Aser: Masal con sus ejidos		Abdón con sus ejidos		M			1 Crónicas 6		Sentencia 214: Linaje de la tribu de Aser: Masal con sus ejidos
Abdón con sus ejidos		Hucoc con sus ejidos	1	M			1 Crónicas 6		Sentencia 214: Hijo de Abdón con sus ejidos
Abdón con sus ejidos		Rehob con sus ejidos	2	M			1 Crónicas 6		Sentencia 214: Hijo de Abdón con sus ejidos
la tribu de Neftalí: Cedes		en Galilea		M			1 Crónicas 6		Sentencia 215: Linaje de la tribu de Neftalí: Cedes
en Galilea		con sus ejidos		M			1 Crónicas 6		Sentencia 215: Linaje de en Galilea
con sus ejidos		Hamón con sus ejidos	1	M			1 Crónicas 6		Sentencia 215: Hijo de con sus ejidos
con sus ejidos		Quiriataim con sus ejidos	2	M			1 Crónicas 6		Sentencia 215: Hijo de con sus ejidos
Allende el Jordán		frente a Jericó		M			1 Crónicas 6		Sentencia 217: Linaje de Allende el Jordán
frente a Jericó		al oriente del Jordán		M			1 Crónicas 6		Sentencia 217: Linaje de frente a Jericó
al oriente del Jordán		de la tribu de Rubén		M			1 Crónicas 6		Sentencia 217: Linaje de al oriente del Jordán
de la tribu de Rubén		dieron Beser		M			1 Crónicas 6		Sentencia 217: Linaje de de la tribu de Rubén
dieron Beser		en el desierto		M			1 Crónicas 6		Sentencia 217: Linaje de dieron Beser
en el desierto		con sus ejidos		M			1 Crónicas 6		Sentencia 217: Linaje de en el desierto
con sus ejidos		Jaza con sus ejidos		M			1 Crónicas 6		Sentencia 217: Linaje de con sus ejidos
Jaza con sus ejidos		Cademot con sus ejidos	1	M			1 Crónicas 6		Sentencia 217: Hijo de Jaza con sus ejidos
Jaza con sus ejidos		Mefaat con sus ejidos	2	M			1 Crónicas 6		Sentencia 217: Hijo de Jaza con sus ejidos
de la tribu de Gad: Ramot de Galaad con sus ejidos		Mahanaim con sus ejidos		M			1 Crónicas 6		Sentencia 218: Linaje de de la tribu de Gad: Ramot de Galaad con sus ejidos
Mahanaim con sus ejidos		Hesbón con sus ejidos	1	M			1 Crónicas 6		Sentencia 218: Hijo de Mahanaim con sus ejidos
Mahanaim con sus ejidos		Jazer con sus ejidos	2	M			1 Crónicas 6		Sentencia 218: Hijo de Mahanaim con sus ejidos
Isacar		Tola	1	M			1 Crónicas 7		Sentencia 219: Hijos de Isacar: Tola, Fúa, Jasub y Simrón: cuatro
Isacar		Fúa	2	M			1 Crónicas 7		Sentencia 219: Hijos de Isacar: Tola, Fúa, Jasub y Simrón: cuatro
Isacar		Jasub	3	M			1 Crónicas 7		Sentencia 219: Hijos de Isacar: Tola, Fúa, Jasub y Simrón: cuatro
Isacar		Simrón: cuatro	4	M			1 Crónicas 7		Sentencia 219: Hijos de Isacar: Tola, Fúa, Jasub y Simrón: cuatro
Tola		Uzi	1	M			1 Crónicas 7		Sentencia 220: Hijos de Tola: Uzi, Refaías, Jeriel, Jahmai, Jibsam y Semuel, jefes de las familias de sus padres
Tola		Refaías	2	M			1 Crónicas 7		Sentencia 220: Hijos de Tola: Uzi, Refaías, Jeriel, Jahmai, Jibsam y Semuel, jefes de las familias de sus padres
Tola		Jeriel	3	M			1 Crónicas 7		Sentencia 220: Hijos de Tola: Uzi, Refaías, Jeriel, Jahmai, Jibsam y Semuel, jefes de las familias de sus padres
Tola		Jahmai	4	M			1 Crónicas 7		Sentencia 220: Hijos de Tola: Uzi, Refaías, Jeriel, Jahmai, Jibsam y Semuel, jefes de las familias de sus padres
Tola		Jibsam	5	M			1 Crónicas 7		Sentencia 220: Hijos de Tola: Uzi, Refaías, Jeriel, Jahmai, Jibsam y Semuel, jefes de las familias de sus padres
Tola		Semuel	6	M			1 Crónicas 7		Sentencia 220: Hijos de Tola: Uzi, Refaías, Jeriel, Jahmai, Jibsam y Semuel, jefes de las familias de sus padres
Tola		jefes de las familias de sus padres	7	M			1 Crónicas 7		Sentencia 220: Hijos de Tola: Uzi, Refaías, Jeriel, Jahmai, Jibsam y Semuel, jefes de las familias de sus padres
Israhías		Micael	1	M			1 Crónicas 7		Sentencia 222: Hijo de Uzi fue Israhías; y los hijos de Israhías: Micael, Obadías, Joel e Isías; por todos, cinco p
Israhías		Obadías	2	M			1 Crónicas 7		Sentencia 222: Hijo de Uzi fue Israhías; y los hijos de Israhías: Micael, Obadías, Joel e Isías; por todos, cinco p
Israhías		Joel	3	M			1 Crónicas 7		Sentencia 222: Hijo de Uzi fue Israhías; y los hijos de Israhías: Micael, Obadías, Joel e Isías; por todos, cinco p
Israhías		Isías; por todos	4	M			1 Crónicas 7		Sentencia 222: Hijo de Uzi fue Israhías; y los hijos de Israhías: Micael, Obadías, Joel e Isías; por todos, cinco p
Israhías		cinco príncipes	5	M			1 Crónicas 7		Sentencia 222: Hijo de Uzi fue Israhías; y los hijos de Israhías: Micael, Obadías, Joel e Isías; por todos, cinco p
sus hermanos por todas las familias de Isacar		contados todos por sus genealogías		M			1 Crónicas 7		Sentencia 224: Linaje de sus hermanos por todas las familias de Isacar
contados todos por sus genealogías		eran ochenta	1	M			1 Crónicas 7		Sentencia 224: Hijo de contados todos por sus genealogías
contados todos por sus genealogías		siete mil hombres valientes en extremo	2	M			1 Crónicas 7		Sentencia 224: Hijo de contados todos por sus genealogías
Benjamín		Bela	1	M	Canaán (cerca de Belén) (padre)	Hijo de mi mano derecha / Hijo de mi dolor	1 Crónicas 7 [Cruces: Benjamín: Génesis 35:16-18, 49:27; Romanos 11:1; Filipenses 3:5]	Sobre el padre (Benjamín): Hijo menor de Jacob y Raquel, quien falleció en el parto llamándolo Benoni.	Sentencia 225: Hijos de Benjamín: Bela, Bequer y Jediael: tres
Benjamín		Bequer	2	M	Canaán (cerca de Belén) (padre)	Hijo de mi mano derecha / Hijo de mi dolor	1 Crónicas 7 [Cruces: Benjamín: Génesis 35:16-18, 49:27; Romanos 11:1; Filipenses 3:5]	Sobre el padre (Benjamín): Hijo menor de Jacob y Raquel, quien falleció en el parto llamándolo Benoni.	Sentencia 225: Hijos de Benjamín: Bela, Bequer y Jediael: tres
Benjamín		Jediael: tres	3	M	Canaán (cerca de Belén) (padre)	Hijo de mi mano derecha / Hijo de mi dolor	1 Crónicas 7 [Cruces: Benjamín: Génesis 35:16-18, 49:27; Romanos 11:1; Filipenses 3:5]	Sobre el padre (Benjamín): Hijo menor de Jacob y Raquel, quien falleció en el parto llamándolo Benoni.	Sentencia 225: Hijos de Benjamín: Bela, Bequer y Jediael: tres
Bela		Ezbón	1	M			1 Crónicas 7		Sentencia 226: Hijos de Bela: Ezbón, Uzi, Uziel, Jerimot e Iri: cinco jefes de casas paternas, hombres de valor, y 
Bela		Uzi	2	M			1 Crónicas 7		Sentencia 226: Hijos de Bela: Ezbón, Uzi, Uziel, Jerimot e Iri: cinco jefes de casas paternas, hombres de valor, y 
Bela		Uziel	3	M			1 Crónicas 7		Sentencia 226: Hijos de Bela: Ezbón, Uzi, Uziel, Jerimot e Iri: cinco jefes de casas paternas, hombres de valor, y 
Bela		Jerimot	4	M			1 Crónicas 7		Sentencia 226: Hijos de Bela: Ezbón, Uzi, Uziel, Jerimot e Iri: cinco jefes de casas paternas, hombres de valor, y 
Bela		Iri: cinco jefes de casas paternas	5	M			1 Crónicas 7		Sentencia 226: Hijos de Bela: Ezbón, Uzi, Uziel, Jerimot e Iri: cinco jefes de casas paternas, hombres de valor, y 
Bela		hombres de valor	6	M			1 Crónicas 7		Sentencia 226: Hijos de Bela: Ezbón, Uzi, Uziel, Jerimot e Iri: cinco jefes de casas paternas, hombres de valor, y 
Bela		cuya descendencia fueron contados veintidós mil treinta	7	M			1 Crónicas 7		Sentencia 226: Hijos de Bela: Ezbón, Uzi, Uziel, Jerimot e Iri: cinco jefes de casas paternas, hombres de valor, y 
Bela		cuatro	8	M			1 Crónicas 7		Sentencia 226: Hijos de Bela: Ezbón, Uzi, Uziel, Jerimot e Iri: cinco jefes de casas paternas, hombres de valor, y 
Bequer		Zemira	1	M			1 Crónicas 7		Sentencia 227: Hijos de Bequer: Zemira, Joás, Eliezer, Elioenai, Omri, Jerimot, Abías, Anatot y Alamet; todos estos
Bequer		Joás	2	M			1 Crónicas 7		Sentencia 227: Hijos de Bequer: Zemira, Joás, Eliezer, Elioenai, Omri, Jerimot, Abías, Anatot y Alamet; todos estos
Bequer		Eliezer	3	M			1 Crónicas 7		Sentencia 227: Hijos de Bequer: Zemira, Joás, Eliezer, Elioenai, Omri, Jerimot, Abías, Anatot y Alamet; todos estos
Bequer		Elioenai	4	M			1 Crónicas 7		Sentencia 227: Hijos de Bequer: Zemira, Joás, Eliezer, Elioenai, Omri, Jerimot, Abías, Anatot y Alamet; todos estos
Bequer		Omri	5	M			1 Crónicas 7		Sentencia 227: Hijos de Bequer: Zemira, Joás, Eliezer, Elioenai, Omri, Jerimot, Abías, Anatot y Alamet; todos estos
Bequer		Jerimot	6	M			1 Crónicas 7		Sentencia 227: Hijos de Bequer: Zemira, Joás, Eliezer, Elioenai, Omri, Jerimot, Abías, Anatot y Alamet; todos estos
Bequer		Abías	7	M			1 Crónicas 7		Sentencia 227: Hijos de Bequer: Zemira, Joás, Eliezer, Elioenai, Omri, Jerimot, Abías, Anatot y Alamet; todos estos
Bequer		Anatot	8	M			1 Crónicas 7		Sentencia 227: Hijos de Bequer: Zemira, Joás, Eliezer, Elioenai, Omri, Jerimot, Abías, Anatot y Alamet; todos estos
Bequer		Alamet; todos estos fueron	9	M			1 Crónicas 7		Sentencia 227: Hijos de Bequer: Zemira, Joás, Eliezer, Elioenai, Omri, Jerimot, Abías, Anatot y Alamet; todos estos
contados por sus descendencias		por sus linajes	1	M			1 Crónicas 7		Sentencia 228: Hijo de contados por sus descendencias
contados por sus descendencias		los que eran jefes de familias resultaron veinte mil doscientos hombres esforzados	2	M			1 Crónicas 7		Sentencia 228: Hijo de contados por sus descendencias
Bilhán		Jeús	1	M			1 Crónicas 7		Sentencia 229: Hijo de Jediael fue Bilhán; y los hijos de Bilhán: Jeús, Benjamín, Aod, Quenaana, Zetán, Tarsis y Ah
Bilhán		Benjamín	2	M	Canaán (cerca de Belén)		1 Crónicas 7 [Cruces: Benjamín: Génesis 35:16-18, 49:27; Romanos 11:1; Filipenses 3:5]	Sobre el hijo (Benjamín): Hijo menor de Jacob y Raquel, quien falleció en el parto llamándolo Benoni.	Sentencia 229: Hijo de Jediael fue Bilhán; y los hijos de Bilhán: Jeús, Benjamín, Aod, Quenaana, Zetán, Tarsis y Ah
Bilhán		Aod	3	M			1 Crónicas 7		Sentencia 229: Hijo de Jediael fue Bilhán; y los hijos de Bilhán: Jeús, Benjamín, Aod, Quenaana, Zetán, Tarsis y Ah
Bilhán		Quenaana	4	M			1 Crónicas 7		Sentencia 229: Hijo de Jediael fue Bilhán; y los hijos de Bilhán: Jeús, Benjamín, Aod, Quenaana, Zetán, Tarsis y Ah
Bilhán		Zetán	5	M			1 Crónicas 7		Sentencia 229: Hijo de Jediael fue Bilhán; y los hijos de Bilhán: Jeús, Benjamín, Aod, Quenaana, Zetán, Tarsis y Ah
Bilhán		Tarsis	6	M			1 Crónicas 7		Sentencia 229: Hijo de Jediael fue Bilhán; y los hijos de Bilhán: Jeús, Benjamín, Aod, Quenaana, Zetán, Tarsis y Ah
Bilhán		Ahisahar	7	M			1 Crónicas 7		Sentencia 229: Hijo de Jediael fue Bilhán; y los hijos de Bilhán: Jeús, Benjamín, Aod, Quenaana, Zetán, Tarsis y Ah
Neftalí		Jahzeel	1	M			1 Crónicas 7		Sentencia 232: Hijos de Neftalí: Jahzeel, Guni, Jezer y Salum, hijos de Bilha
Neftalí		Guni	2	M			1 Crónicas 7		Sentencia 232: Hijos de Neftalí: Jahzeel, Guni, Jezer y Salum, hijos de Bilha
Neftalí		Jezer	3	M			1 Crónicas 7		Sentencia 232: Hijos de Neftalí: Jahzeel, Guni, Jezer y Salum, hijos de Bilha
Neftalí		Salum	4	M			1 Crónicas 7		Sentencia 232: Hijos de Neftalí: Jahzeel, Guni, Jezer y Salum, hijos de Bilha
Manasés		Asriel	1	M			1 Crónicas 7		Sentencia 233: Hijos de Manasés: Asriel, al cual dio a luz su concubina la siria, la cual también dio a luz a Maqui
Manasés		al cual dio a luz su	2	M			1 Crónicas 7		Sentencia 233: Hijos de Manasés: Asriel, al cual dio a luz su concubina la siria, la cual también dio a luz a Maqui
Manasés		la cual también dio a luz a Maquir	3	M			1 Crónicas 7		Sentencia 233: Hijos de Manasés: Asriel, al cual dio a luz su concubina la siria, la cual también dio a luz a Maqui
Manasés	Hamolequet	Isod	1	M			1 Crónicas 7		Sentencia 239: Y su hermana Hamolequet dio a luz a Isod, Abiezer, Mahala y Semida, hijos del cual fueron Ahián, Siq
Manasés	Hamolequet	Abiezer	2	M			1 Crónicas 7		Sentencia 239: Y su hermana Hamolequet dio a luz a Isod, Abiezer, Mahala y Semida, hijos del cual fueron Ahián, Siq
Manasés	Hamolequet	Mahala	3	M			1 Crónicas 7		Sentencia 239: Y su hermana Hamolequet dio a luz a Isod, Abiezer, Mahala y Semida, hijos del cual fueron Ahián, Siq
Manasés	Hamolequet	Semida	4	M			1 Crónicas 7		Sentencia 239: Y su hermana Hamolequet dio a luz a Isod, Abiezer, Mahala y Semida, hijos del cual fueron Ahián, Siq
Manasés	Hamolequet	Siquem	6	M			1 Crónicas 7		Sentencia 239: Y su hermana Hamolequet dio a luz a Isod, Abiezer, Mahala y Semida, hijos del cual fueron Ahián, Siq
Manasés	Hamolequet	Likhi	7	M			1 Crónicas 7		Sentencia 239: Y su hermana Hamolequet dio a luz a Isod, Abiezer, Mahala y Semida, hijos del cual fueron Ahián, Siq
Manasés	Hamolequet	Aniam	8	M			1 Crónicas 7		Sentencia 239: Y su hermana Hamolequet dio a luz a Isod, Abiezer, Mahala y Semida, hijos del cual fueron Ahián, Siq
Efraín		Sutela	1	M			1 Crónicas 7		Sentencia 240: Los hijos de Efraín: Sutela, Bered su hijo, Tahat su hijo, Elada su hijo, Tahat su hijo, Zabad su hi
Efraín		Bered su	2	M			1 Crónicas 7		Sentencia 240: Los hijos de Efraín: Sutela, Bered su hijo, Tahat su hijo, Elada su hijo, Tahat su hijo, Zabad su hi
Efraín		Tahat su	3	M			1 Crónicas 7		Sentencia 240: Los hijos de Efraín: Sutela, Bered su hijo, Tahat su hijo, Elada su hijo, Tahat su hijo, Zabad su hi
Efraín		Elada su	4	M			1 Crónicas 7		Sentencia 240: Los hijos de Efraín: Sutela, Bered su hijo, Tahat su hijo, Elada su hijo, Tahat su hijo, Zabad su hi
Efraín		Zabad su	6	M			1 Crónicas 7		Sentencia 240: Los hijos de Efraín: Sutela, Bered su hijo, Tahat su hijo, Elada su hijo, Tahat su hijo, Zabad su hi
Efraín		Sutela su	7	M			1 Crónicas 7		Sentencia 240: Los hijos de Efraín: Sutela, Bered su hijo, Tahat su hijo, Elada su hijo, Tahat su hijo, Zabad su hi
Efraín		Ezer	8	M			1 Crónicas 7		Sentencia 240: Los hijos de Efraín: Sutela, Bered su hijo, Tahat su hijo, Elada su hijo, Tahat su hijo, Zabad su hi
Efraín		Elad	9	M			1 Crónicas 7		Sentencia 240: Los hijos de Efraín: Sutela, Bered su hijo, Tahat su hijo, Elada su hijo, Tahat su hijo, Zabad su hi
Pero los de Gat		naturales de aquella tierra		M			1 Crónicas 7		Sentencia 241: Pero los de Gat es padre de naturales de aquella tierra
naturales de aquella tierra		los mataron porque habían bajado a tomar sus ganados		M			1 Crónicas 7		Sentencia 241: naturales de aquella tierra es padre de los mataron porque habían bajado a tomar sus ganados
Aser		Imna	1	M			1 Crónicas 7		Sentencia 248: Hijos de Aser: Imna, Isúa, Isúi, Bería, y su hermana Sera
Aser		Isúa	2	M			1 Crónicas 7		Sentencia 248: Hijos de Aser: Imna, Isúa, Isúi, Bería, y su hermana Sera
Aser		Isúi	3	M			1 Crónicas 7		Sentencia 248: Hijos de Aser: Imna, Isúa, Isúi, Bería, y su hermana Sera
Aser		Bería	4	M			1 Crónicas 7		Sentencia 248: Hijos de Aser: Imna, Isúa, Isúi, Bería, y su hermana Sera
Aser		su	5	F			1 Crónicas 7		Sentencia 248: Hijos de Aser: Imna, Isúa, Isúi, Bería, y su hermana Sera
Bería		Heber	1	M	Mesopotamia		1 Crónicas 7 [Cruces: Heber: Génesis 11:14-17, 10:24-25; Lucas 3:35]	Sobre el hijo (Heber): Ancestro epónimo de los hebreos, hijo de Sala.	Sentencia 249: Hijos de Bería: Heber, y Malquiel, el cual fue padre de Birzavit
Bería		Malquiel	2	M			1 Crónicas 7		Sentencia 249: Hijos de Bería: Heber, y Malquiel, el cual fue padre de Birzavit
Bería		el cual fue	3	M			1 Crónicas 7		Sentencia 249: Hijos de Bería: Heber, y Malquiel, el cual fue padre de Birzavit
Heber		Jaflet		F	Mesopotamia (padre)	El que cruza / Del otro lado	1 Crónicas 7 [Cruces: Heber: Génesis 11:14-17, 10:24-25; Lucas 3:35]	Sobre el padre (Heber): Ancestro epónimo de los hebreos, hijo de Sala.	Sentencia 250: Y Heber engendró a Jaflet, Semer, Hotam, y Súa, hermana de ellos
Jaflet		Pasac	1	M			1 Crónicas 8		Sentencia 251: Hijos de Jaflet: Pasac, Bimhal y Asvat
Jaflet		Bimhal	2	M			1 Crónicas 8		Sentencia 251: Hijos de Jaflet: Pasac, Bimhal y Asvat
Jaflet		Asvat	3	M			1 Crónicas 8		Sentencia 251: Hijos de Jaflet: Pasac, Bimhal y Asvat
Semer		Ahí	1	M			1 Crónicas 8		Sentencia 253: Hijos de Semer: Ahí, Rohga, Jehúba y Aram
Semer		Rohga	2	M			1 Crónicas 8		Sentencia 253: Hijos de Semer: Ahí, Rohga, Jehúba y Aram
Semer		Jehúba	3	M			1 Crónicas 8		Sentencia 253: Hijos de Semer: Ahí, Rohga, Jehúba y Aram
Semer		Aram	4	M			1 Crónicas 8		Sentencia 253: Hijos de Semer: Ahí, Rohga, Jehúba y Aram
Helem su hermano		Zofa	1	M			1 Crónicas 8		Sentencia 254: Hijos de Helem su hermano: Zofa, Imna, Seles y Amal
Helem su hermano		Imna	2	M			1 Crónicas 8		Sentencia 254: Hijos de Helem su hermano: Zofa, Imna, Seles y Amal
Helem su hermano		Seles	3	M			1 Crónicas 8		Sentencia 254: Hijos de Helem su hermano: Zofa, Imna, Seles y Amal
Helem su hermano		Amal	4	M			1 Crónicas 8		Sentencia 254: Hijos de Helem su hermano: Zofa, Imna, Seles y Amal
Zofa		Súa	1	M			1 Crónicas 8		Sentencia 255: Hijos de Zofa: Súa, Harnefer, Súal, Beri, Imra, Beser, Hod, Sama, Silsa, Itrán y Beera
Zofa		Harnefer	2	M			1 Crónicas 8		Sentencia 255: Hijos de Zofa: Súa, Harnefer, Súal, Beri, Imra, Beser, Hod, Sama, Silsa, Itrán y Beera
Zofa		Súal	3	M			1 Crónicas 8		Sentencia 255: Hijos de Zofa: Súa, Harnefer, Súal, Beri, Imra, Beser, Hod, Sama, Silsa, Itrán y Beera
Zofa		Beri	4	M			1 Crónicas 8		Sentencia 255: Hijos de Zofa: Súa, Harnefer, Súal, Beri, Imra, Beser, Hod, Sama, Silsa, Itrán y Beera
Zofa		Imra	5	M			1 Crónicas 8		Sentencia 255: Hijos de Zofa: Súa, Harnefer, Súal, Beri, Imra, Beser, Hod, Sama, Silsa, Itrán y Beera
Zofa		Beser	6	M			1 Crónicas 8		Sentencia 255: Hijos de Zofa: Súa, Harnefer, Súal, Beri, Imra, Beser, Hod, Sama, Silsa, Itrán y Beera
Zofa		Hod	7	M			1 Crónicas 8		Sentencia 255: Hijos de Zofa: Súa, Harnefer, Súal, Beri, Imra, Beser, Hod, Sama, Silsa, Itrán y Beera
Zofa		Sama	8	M			1 Crónicas 8		Sentencia 255: Hijos de Zofa: Súa, Harnefer, Súal, Beri, Imra, Beser, Hod, Sama, Silsa, Itrán y Beera
Zofa		Silsa	9	M			1 Crónicas 8		Sentencia 255: Hijos de Zofa: Súa, Harnefer, Súal, Beri, Imra, Beser, Hod, Sama, Silsa, Itrán y Beera
Zofa		Itrán	10	M			1 Crónicas 8		Sentencia 255: Hijos de Zofa: Súa, Harnefer, Súal, Beri, Imra, Beser, Hod, Sama, Silsa, Itrán y Beera
Zofa		Beera	11	M			1 Crónicas 8		Sentencia 255: Hijos de Zofa: Súa, Harnefer, Súal, Beri, Imra, Beser, Hod, Sama, Silsa, Itrán y Beera
Jeter		Jefone	1	M			1 Crónicas 8		Sentencia 256: Hijos de Jeter: Jefone, Pispa y Ara
Jeter		Pispa	2	M			1 Crónicas 8		Sentencia 256: Hijos de Jeter: Jefone, Pispa y Ara
Jeter		Ara	3	M			1 Crónicas 8		Sentencia 256: Hijos de Jeter: Jefone, Pispa y Ara
Ula		Ara	1	M			1 Crónicas 8		Sentencia 257: Hijos de Ula: Ara, Haniel y Rezia
Ula		Haniel	2	M			1 Crónicas 8		Sentencia 257: Hijos de Ula: Ara, Haniel y Rezia
Ula		Rezia	3	M			1 Crónicas 8		Sentencia 257: Hijos de Ula: Ara, Haniel y Rezia
Benjamín		Bela su	1	M	Canaán (cerca de Belén) (padre)	Hijo de mi mano derecha / Hijo de mi dolor	1 Crónicas 8 [Cruces: Benjamín: Génesis 35:16-18, 49:27; Romanos 11:1; Filipenses 3:5]	Sobre el padre (Benjamín): Hijo menor de Jacob y Raquel, quien falleció en el parto llamándolo Benoni.	Sentencia 259: Benjamín engendró a Bela su primogénito, Asbel el segundo, Ahara el tercero, Noha el cuarto, y Rafa 
de Husim		Abitob		M			1 Crónicas 8		Sentencia 264: Y de Husim engendró a Abitob y a Elpaal
Elpaal		Heber	1	M	Mesopotamia		1 Crónicas 8 [Cruces: Heber: Génesis 11:14-17, 10:24-25; Lucas 3:35]	Sobre el hijo (Heber): Ancestro epónimo de los hebreos, hijo de Sala.	Sentencia 265: Hijos de Elpaal: Heber, Misam y Semed, el cual edificó Ono, y Lod con sus aldeas
Elpaal		Misam	2	M			1 Crónicas 8		Sentencia 265: Hijos de Elpaal: Heber, Misam y Semed, el cual edificó Ono, y Lod con sus aldeas
Elpaal		Semed	3	M			1 Crónicas 8		Sentencia 265: Hijos de Elpaal: Heber, Misam y Semed, el cual edificó Ono, y Lod con sus aldeas
Elpaal		el cual edificó Ono	4	M			1 Crónicas 8		Sentencia 265: Hijos de Elpaal: Heber, Misam y Semed, el cual edificó Ono, y Lod con sus aldeas
Elpaal		Lod con sus aldeas	5	M			1 Crónicas 8		Sentencia 265: Hijos de Elpaal: Heber, Misam y Semed, el cual edificó Ono, y Lod con sus aldeas
Bería		Sema		M			1 Crónicas 8		Sentencia 266: Linaje de Bería
Sema		jefes de las familias de los moradores de Ajalón	1	M			1 Crónicas 8		Sentencia 266: Hijo de Sema
Sema		echaron a los moradores de Gat	2	M			1 Crónicas 8		Sentencia 266: Hijo de Sema
Miclot		Simea		M			1 Crónicas 8		Sentencia 274: Y Miclot engendró a Simea
Estos también habitaron con sus hermanos en Jerusalén		enfrente de ellos		M			1 Crónicas 8		Sentencia 275: Estos también habitaron con sus hermanos en Jerusalén es padre de enfrente de ellos
Ner		Cis		M			1 Crónicas 8		Sentencia 276: Ner engendró a Cis, Cis engendró a Saúl, y Saúl engendró a Jonatán, Malquisúa, Abinadab y Es-Baal
Cis		Saúl		M			1 Crónicas 8		Sentencia 276: Ner engendró a Cis, Cis engendró a Saúl, y Saúl engendró a Jonatán, Malquisúa, Abinadab y Es-Baal
Saúl		Jonatán		M			1 Crónicas 8		Sentencia 276: Ner engendró a Cis, Cis engendró a Saúl, y Saúl engendró a Jonatán, Malquisúa, Abinadab y Es-Baal
Baal		Micaía		M			1 Crónicas 8		Sentencia 277: Hijo de Jonatán fue Merib-Baal, y Merib-Baal  engendró a Micaía
Micaía		Pitón	1	M			1 Crónicas 8		Sentencia 278: Los hijos de Micaía: Pitón, Melec, Tarea y Acaz
Micaía		Melec	2	M			1 Crónicas 8		Sentencia 278: Los hijos de Micaía: Pitón, Melec, Tarea y Acaz
Micaía		Tarea	3	M			1 Crónicas 8		Sentencia 278: Los hijos de Micaía: Pitón, Melec, Tarea y Acaz
Micaía		Acaz	4	M			1 Crónicas 8		Sentencia 278: Los hijos de Micaía: Pitón, Melec, Tarea y Acaz
Acaz		Joada		M			1 Crónicas 8		Sentencia 279: Acaz engendró a Joada, Joada engendró a Alemet, Azmavet y Zimri, y Zimri engendró a Mosa
Joada		Alemet		M			1 Crónicas 8		Sentencia 279: Acaz engendró a Joada, Joada engendró a Alemet, Azmavet y Zimri, y Zimri engendró a Mosa
Zimri		Mosa		M			1 Crónicas 8		Sentencia 279: Acaz engendró a Joada, Joada engendró a Alemet, Azmavet y Zimri, y Zimri engendró a Mosa
Mosa		Bina		M			1 Crónicas 8		Sentencia 280: Mosa engendró a Bina, hijo del cual fue Rafa, hijo del cual fue Elasa, cuyo hijo fue Azel
Esec su hermano		Ulam su	1	M			1 Crónicas 8		Sentencia 282: Y los hijos de Esec su hermano: Ulam su primogénito, Jehús el segundo, Elifelet el tercero
Esec su hermano		Jehús el	2	M			1 Crónicas 8		Sentencia 282: Y los hijos de Esec su hermano: Ulam su primogénito, Jehús el segundo, Elifelet el tercero
Esec su hermano		Elifelet el	3	M			1 Crónicas 8		Sentencia 282: Y los hijos de Esec su hermano: Ulam su primogénito, Jehús el segundo, Elifelet el tercero
Zera		Jeuel	1	M			1 Crónicas 9		Sentencia 290: De los hijos de Zera: Jeuel y sus hermanos: seiscientos noventa
Zera		sus hermanos: seiscientos noventa	2	M			1 Crónicas 9		Sentencia 290: De los hijos de Zera: Jeuel y sus hermanos: seiscientos noventa
Benjamín		Salú	1	M	Canaán (cerca de Belén) (padre)	Hijo de mi mano derecha / Hijo de mi dolor	1 Crónicas 9 [Cruces: Benjamín: Génesis 35:16-18, 49:27; Romanos 11:1; Filipenses 3:5]	Sobre el padre (Benjamín): Hijo menor de Jacob y Raquel, quien falleció en el parto llamándolo Benoni.	Sentencia 291: Y de los hijos de Benjamín: Salú ben Mesulam, hijo de Hodavías, hijo de Asenúa, Ibneías ben Jeroham,
Benjamín		Ibneías	2	M	Canaán (cerca de Belén) (padre)	Hijo de mi mano derecha / Hijo de mi dolor	1 Crónicas 9 [Cruces: Benjamín: Génesis 35:16-18, 49:27; Romanos 11:1; Filipenses 3:5]	Sobre el padre (Benjamín): Hijo menor de Jacob y Raquel, quien falleció en el parto llamándolo Benoni.	Sentencia 291: Y de los hijos de Benjamín: Salú ben Mesulam, hijo de Hodavías, hijo de Asenúa, Ibneías ben Jeroham,
Benjamín		Ela	3	M	Canaán (cerca de Belén) (padre)	Hijo de mi mano derecha / Hijo de mi dolor	1 Crónicas 9 [Cruces: Benjamín: Génesis 35:16-18, 49:27; Romanos 11:1; Filipenses 3:5]	Sobre el padre (Benjamín): Hijo menor de Jacob y Raquel, quien falleció en el parto llamándolo Benoni.	Sentencia 291: Y de los hijos de Benjamín: Salú ben Mesulam, hijo de Hodavías, hijo de Asenúa, Ibneías ben Jeroham,
Benjamín		Mesulam	4	M	Canaán (cerca de Belén) (padre)	Hijo de mi mano derecha / Hijo de mi dolor	1 Crónicas 9 [Cruces: Benjamín: Génesis 35:16-18, 49:27; Romanos 11:1; Filipenses 3:5]	Sobre el padre (Benjamín): Hijo menor de Jacob y Raquel, quien falleció en el parto llamándolo Benoni.	Sentencia 291: Y de los hijos de Benjamín: Salú ben Mesulam, hijo de Hodavías, hijo de Asenúa, Ibneías ben Jeroham,
sus hermanos por sus linajes: novecientos cincuenta		seis	1	M			1 Crónicas 9		Sentencia 292: Hijo de sus hermanos por sus linajes: novecientos cincuenta
Adiel	Hamolequet	Masai		M			1 Crónicas 9		Sentencia 294: De los sacerdotes: Jedaías, Joiarib, Jaquín, y Azarías ben Hilcías, hijo de Mesulam, hijo de Sadoc, 
los porteros: Salum		Acub		M			1 Crónicas 9		Sentencia 296: Linaje de los porteros: Salum
Acub		Talmón	1	M			1 Crónicas 9		Sentencia 296: Hijo de Acub
Acub		Ahimán; su hermano Salum era el principal	2	M			1 Crónicas 9		Sentencia 296: Hijo de Acub
Hasta entonces estaban encargados de la puerta real		al oriente	1	M			1 Crónicas 9		Sentencia 297: Hijo de Hasta entonces estaban encargados de la puerta real
Hasta entonces estaban encargados de la puerta real		eran porteros de los barrios de los levitas	2	M			1 Crónicas 9		Sentencia 297: Hijo de Hasta entonces estaban encargados de la puerta real
En tiempo antiguo		Finees		M			1 Crónicas 9		Sentencia 299: Linaje de En tiempo antiguo
Finees		había sido príncipe de ellos	1	M			1 Crónicas 9		Sentencia 299: Hijo de Finees
Finees		YHVH estuvo con él	2	M			1 Crónicas 9		Sentencia 299: Hijo de Finees
Ismael		Nebaiot	1	M	Arabia (padre)		1 Crónicas 1	Sobre el padre (Ismael): Hijo de Abraham y Agar la egipcia; progenitor de doce príncipes y de los pueblos árabes.	Hijos de Ismael — Ase.txt líneas 17-19 (corrección manual)
Ismael		Cedar	2	M	Arabia (padre)		1 Crónicas 1	Sobre el padre (Ismael): Hijo de Abraham y Agar la egipcia; progenitor de doce príncipes y de los pueblos árabes.	Hijos de Ismael — Ase.txt líneas 17-19 (corrección manual)
Ismael		Adbeel	3	M	Arabia (padre)		1 Crónicas 1	Sobre el padre (Ismael): Hijo de Abraham y Agar la egipcia; progenitor de doce príncipes y de los pueblos árabes.	Hijos de Ismael — Ase.txt líneas 17-19 (corrección manual)
Ismael		Mibsam	4	M	Arabia (padre)		1 Crónicas 1	Sobre el padre (Ismael): Hijo de Abraham y Agar la egipcia; progenitor de doce príncipes y de los pueblos árabes.	Hijos de Ismael — Ase.txt líneas 17-19 (corrección manual)
Ismael		Misma	5	M	Arabia (padre)		1 Crónicas 1	Sobre el padre (Ismael): Hijo de Abraham y Agar la egipcia; progenitor de doce príncipes y de los pueblos árabes.	Hijos de Ismael — Ase.txt líneas 17-19 (corrección manual)
Ismael		Duma	6	M	Arabia (padre)		1 Crónicas 1	Sobre el padre (Ismael): Hijo de Abraham y Agar la egipcia; progenitor de doce príncipes y de los pueblos árabes.	Hijos de Ismael — Ase.txt líneas 17-19 (corrección manual)
Ismael		Massa	7	M	Arabia (padre)		1 Crónicas 1	Sobre el padre (Ismael): Hijo de Abraham y Agar la egipcia; progenitor de doce príncipes y de los pueblos árabes.	Hijos de Ismael — Ase.txt líneas 17-19 (corrección manual)
Ismael		Hadad	8	M	Arabia (padre)		1 Crónicas 1	Sobre el padre (Ismael): Hijo de Abraham y Agar la egipcia; progenitor de doce príncipes y de los pueblos árabes.	Hijos de Ismael — Ase.txt líneas 17-19 (corrección manual)
Ismael		Tema	9	M	Arabia (padre)		1 Crónicas 1	Sobre el padre (Ismael): Hijo de Abraham y Agar la egipcia; progenitor de doce príncipes y de los pueblos árabes.	Hijos de Ismael — Ase.txt líneas 17-19 (corrección manual)
Ismael		Jetur	10	M	Arabia (padre)		1 Crónicas 1	Sobre el padre (Ismael): Hijo de Abraham y Agar la egipcia; progenitor de doce príncipes y de los pueblos árabes.	Hijos de Ismael — Ase.txt líneas 17-19 (corrección manual)
Ismael		Nafis	11	M	Arabia (padre)		1 Crónicas 1	Sobre el padre (Ismael): Hijo de Abraham y Agar la egipcia; progenitor de doce príncipes y de los pueblos árabes.	Hijos de Ismael — Ase.txt líneas 17-19 (corrección manual)
Ismael		Cedema	12	M	Arabia (padre)		1 Crónicas 1	Sobre el padre (Ismael): Hijo de Abraham y Agar la egipcia; progenitor de doce príncipes y de los pueblos árabes.	Hijos de Ismael — Ase.txt líneas 17-19 (corrección manual)
Abraham	Cetura	Zimram	1	M	Ur de los Caldeos (padre)		1 Crónicas 1	Sobre el padre (Abraham): Padre de la fe y progenitor del pueblo de Israel y de los árabes; recibió la promesa divina del pacto.	Hijo de Abraham y Cetura — Ase.txt línea 20 (corrección manual)
Abraham	Cetura	Medán	3	M	Ur de los Caldeos (padre)		1 Crónicas 1	Sobre el padre (Abraham): Padre de la fe y progenitor del pueblo de Israel y de los árabes; recibió la promesa divina del pacto.	Hijo de Abraham y Cetura — Ase.txt línea 20 (corrección manual)
Abraham	Cetura	Isbac	5	M	Ur de los Caldeos (padre)		1 Crónicas 1	Sobre el padre (Abraham): Padre de la fe y progenitor del pueblo de Israel y de los árabes; recibió la promesa divina del pacto.	Hijo de Abraham y Cetura — Ase.txt línea 20 (corrección manual)
Abraham	Cetura	Súa	6	M	Ur de los Caldeos (padre)		1 Crónicas 1	Sobre el padre (Abraham): Padre de la fe y progenitor del pueblo de Israel y de los árabes; recibió la promesa divina del pacto.	Hijo de Abraham y Cetura — Ase.txt línea 20 (corrección manual)
Elifaz	Timna	Amalec	7	M	Edom (padre)		1 Crónicas 1	Sobre el padre (Elifaz): Hijo primogénito de Esaú y fundador del clan edomita de Temán. | Sobre la madre (Timna): Concubina de Elifaz, hermana de Lotán horita.	Hijo de Elifaz con su concubina Timna — Ase.txt línea 24 (corrección: sustituye fila 'de Timna')
